"Id","Path","Slice Name","Alias(s)","Label","Min","Max","Must Support?","Is Modifier?","Is Summary?","Type(s)","Short","Definition","Comments","Requirements","Default Value","Meaning When Missing","Fixed Value","Pattern","Example","Minimum Value","Maximum Value","Maximum Length","Binding Strength","Binding Description","Binding Value Set","Code","Slicing Discriminator","Slicing Description","Slicing Ordered","Slicing Rules","Base Path","Base Min","Base Max","Condition(s)","Constraint(s)","Mapping: RIM Mapping","Mapping: Workflow Pattern","Mapping: FiveWs Pattern Mapping","Mapping: Object Implementation Information"
"TerminologyCapabilities","TerminologyCapabilities","","","",0,*,"","","","null {[]} {[]}
","A statement of system capabilities","A TerminologyCapabilities resource documents a set of capabilities (behaviors) of a FHIR Terminology Server that may be used as a statement of actual server functionality or a statement of required or desired server implementation.","","","","","","","","","",,,,,"",,,,"TerminologyCapabilities",0,*,"","dom-2:If the resource is contained in another resource, it SHALL NOT contain nested Resources {contained.contained.empty()}
dom-3:If the resource is contained in another resource, it SHALL be referred to from elsewhere in the resource or SHALL refer to the containing resource {contained.where((('#'+id in (%resource.descendants().reference | %resource.descendants().as(canonical) | %resource.descendants().as(uri) | %resource.descendants().as(url))) or descendants().where(reference = '#').exists() or descendants().where(as(canonical) = '#').exists() or descendants().where(as(canonical) = '#').exists()).not()).trace('unmatched', id).empty()}dom-4:If a resource is contained in another resource, it SHALL NOT have a meta.versionId or a meta.lastUpdated {contained.meta.versionId.empty() and contained.meta.lastUpdated.empty()}dom-5:If a resource is contained in another resource, it SHALL NOT have a security label {contained.meta.security.empty()}dom-6:A resource should have narrative for robust management {text.`div`.exists()}tcp-0:Name should be usable as an identifier for the module by machine processing applications such as code generation {name.matches('[A-Z]([A-Za-z0-9_]){0,254}')}tcp-2:A Capability Statement SHALL have at least one of description, software, or implementation element. {(description.count() + software.count() + implementation.count()) > 0}tcp-3:If kind = instance, implementation must be present and software may be present {(kind != 'instance') or implementation.exists()}tcp-4:If kind = capability, implementation must be absent, software must be present {(kind != 'capability') or (implementation.exists().not() and software.exists())}tcp-5:If kind = requirements, implementation and software must be absent {(kind!='requirements') or (implementation.exists().not() and software.exists().not())}","Entity. Role, or Act","n/a"
"TerminologyCapabilities.id","TerminologyCapabilities.id","","","",0,1,"","","Y","id {[]} {[]}
","Logical id of this artifact","The logical id of the resource, as used in the URL for the resource. Once assigned, this value never changes.","The only time that a resource does not have an id is when it is being submitted to the server using a create operation.","","","","","","","","",,,,,"",,,,"Resource.id",0,1,"",""
"TerminologyCapabilities.meta","TerminologyCapabilities.meta","","","",0,1,"","","Y","Meta {[]} {[]}
","Metadata about the resource","The metadata about the resource. This is content that is maintained by the infrastructure. Changes to the content might not always be associated with version changes to the resource.","","","","","","","","","",,,,,"",,,,"Resource.meta",0,1,"","ele-1:All FHIR elements must have a @value or children {hasValue() or (children().count() > id.count())}
"
"TerminologyCapabilities.implicitRules","TerminologyCapabilities.implicitRules","","","",0,1,"","Y","Y","uri {[]} {[]}
","A set of rules under which this content was created","A reference to a set of rules that were followed when the resource was constructed, and which must be understood when processing the content. Often, this is a reference to an implementation guide that defines the special rules along with other profiles etc.","Asserting this rule set restricts the content to be only understood by a limited set of trading partners. This inherently limits the usefulness of the data in the long term. However, the existing health eco-system is highly fractured, and not yet ready to define, collect, and exchange data in a generally computable sense. Wherever possible, implementers and/or specification writers should avoid using this element. Often, when used, the URL is a reference to an implementation guide that defines these special rules as part of it's narrative along with other profiles, value sets, etc.","","","","","","","","",,,,,"",,,,"Resource.implicitRules",0,1,"","ele-1:All FHIR elements must have a @value or children {hasValue() or (children().count() > id.count())}
"
"TerminologyCapabilities.language","TerminologyCapabilities.language","","","",0,1,"","","","code {[]} {[]}
","Language of the resource content","The base language in which the resource is written.","Language is provided to support indexing and accessibility (typically, services such as text to speech use the language tag). The html language tag in the narrative applies  to the narrative. The language tag on the resource may be used to specify the language of other presentations generated from the data in the resource. Not all the content has to be in the base language. The Resource.language should not be assumed to apply to the narrative automatically. If a language is specified, it should it also be specified on the div element in the html (see rules in HTML5 for information about the relationship between xml:lang and the html lang attribute).","","","","","","","","",,"preferred","A human language.","http://hl7.org/fhir/ValueSet/languages|4.0.1","",,,,"Resource.language",0,1,"","ele-1:All FHIR elements must have a @value or children {hasValue() or (children().count() > id.count())}
"
"TerminologyCapabilities.text","TerminologyCapabilities.text","","narrative
htmlxhtmldisplay","",0,1,"","","","Narrative {[]} {[]}
","Text summary of the resource, for human interpretation","A human-readable narrative that contains a summary of the resource and can be used to represent the content of the resource to a human. The narrative need not encode all the structured data, but is required to contain sufficient detail to make it ""clinically safe"" for a human to just read the narrative. Resource definitions may define what content should be represented in the narrative to ensure clinical safety.","Contained resources do not have narrative. Resources that are not contained SHOULD have a narrative. In some cases, a resource may only have text with little or no additional discrete data (as long as all minOccurs=1 elements are satisfied).  This may be necessary for data from legacy systems where information is captured as a ""text blob"" or where text is additionally entered raw or narrated and encoded information is added later.","","","","","","","","",,,,,"",,,,"DomainResource.text",0,1,"","ele-1:All FHIR elements must have a @value or children {hasValue() or (children().count() > id.count())}
","Act.text?"
"TerminologyCapabilities.contained","TerminologyCapabilities.contained","","inline resources
anonymous resourcescontained resources","",0,*,"","","","Resource {[]} {[]}
","Contained, inline Resources","These resources do not have an independent existence apart from the resource that contains them - they cannot be identified independently, and nor can they have their own independent transaction scope.","This should never be done when the content can be identified properly, as once identification is lost, it is extremely difficult (and context dependent) to restore it again. Contained resources may have profiles and tags In their meta elements, but SHALL NOT have security labels.","","","","","","","","",,,,,"",,,,"DomainResource.contained",0,*,"","","N/A"
"TerminologyCapabilities.extension","TerminologyCapabilities.extension","","","",0,*,"","","","Extension {[]} {[]}
","Extension","An Extension","","","","","","","","","",,,,,"","value:url}
","",,"open","DomainResource.extension",0,*,"","ele-1:All FHIR elements must have a @value or children {hasValue() or (children().count() > id.count())}
ext-1:Must have either extensions or value[x], not both {extension.exists() != value.exists()}"
"TerminologyCapabilities.extension:versionAlgorithm","TerminologyCapabilities.extension","versionAlgorithm","","",0,1,"","","","Extension {[CanonicalType[http://hl7.org/fhir/5.0/StructureDefinition/extension-TerminologyCapabilities.versionAlgorithm|0.0.1-snapshot-3]]} {[]}
","Cross-version extension for TerminologyCapabilities.versionAlgorithm[x] from R5 for use in FHIR R4","Indicates the mechanism used to compare versions to determine which is more current.","Element `TerminologyCapabilities.versionAlgorithm[x]` has a context of TerminologyCapabilities based on following the parent source element upwards and mapping to `TerminologyCapabilities`.","","","","","","","","",,,,,"",,,,"DomainResource.extension",0,*,"ele-1
","ele-1:All FHIR elements must have a @value or children {hasValue() or (children().count() > id.count())}
ext-1:Must have either extensions or value[x], not both {extension.exists() != value.exists()}"
"TerminologyCapabilities.extension:copyrightLabel","TerminologyCapabilities.extension","copyrightLabel","","",0,1,"","","","Extension {[CanonicalType[http://hl7.org/fhir/5.0/StructureDefinition/extension-TerminologyCapabilities.copyrightLabel|0.0.1-snapshot-3]]} {[]}
","Cross-version extension for TerminologyCapabilities.copyrightLabel from R5 for use in FHIR R4","A short string (<50 characters), suitable for inclusion in a page footer that identifies the copyright holder, effective period, and optionally whether rights are resctricted. (e.g. 'All rights reserved', 'Some rights reserved').","Element `TerminologyCapabilities.copyrightLabel` has a context of TerminologyCapabilities based on following the parent source element upwards and mapping to `TerminologyCapabilities`.","","","","","","","","",,,,,"",,,,"DomainResource.extension",0,*,"ele-1
","ele-1:All FHIR elements must have a @value or children {hasValue() or (children().count() > id.count())}
ext-1:Must have either extensions or value[x], not both {extension.exists() != value.exists()}"
"TerminologyCapabilities.modifierExtension","TerminologyCapabilities.modifierExtension","","extensions
user content","",0,*,"","Y","","Extension {[]} {[]}
","Extensions that cannot be ignored","May be used to represent additional information that is not part of the basic definition of the resource and that modifies the understanding of the element that contains it and/or the understanding of the containing element's descendants. Usually modifier elements provide negation or qualification. To make the use of extensions safe and manageable, there is a strict set of governance applied to the definition and use of extensions. Though any implementer is allowed to define an extension, there is a set of requirements that SHALL be met as part of the definition of the extension. Applications processing a resource are required to check for modifier extensions.

Modifier extensions SHALL NOT change the meaning of any elements on Resource or DomainResource (including cannot change the meaning of modifierExtension itself).","There can be no stigma associated with the use of extensions by any application, project, or standard - regardless of the institution or jurisdiction that uses or defines the extensions.  The use of extensions is what allows the FHIR specification to retain a core level of simplicity for everyone.","Modifier extensions allow for extensions that *cannot* be safely ignored to be clearly distinguished from the vast majority of extensions which can be safely ignored.  This promotes interoperability by eliminating the need for implementers to prohibit the presence of extensions. For further information, see the [definition of modifier extensions](http://hl7.org/fhir/R4/extensibility.html#modifierExtension).","","","","","","","",,,,,"",,,,"DomainResource.modifierExtension",0,*,"","ele-1:All FHIR elements must have a @value or children {hasValue() or (children().count() > id.count())}
ext-1:Must have either extensions or value[x], not both {extension.exists() != value.exists()}","N/A"
"TerminologyCapabilities.url","TerminologyCapabilities.url","","","",0,1,"","","Y","uri {[]} {[]}
","Canonical identifier for this terminology capabilities, represented as a URI (globally unique)","An absolute URI that is used to identify this terminology capabilities when it is referenced in a specification, model, design or an instance; also called its canonical identifier. This SHOULD be globally unique and SHOULD be a literal address at which at which an authoritative instance of this terminology capabilities is (or will be) published. This URL can be the target of a canonical reference. It SHALL remain the same when the terminology capabilities is stored on different servers.","Can be a urn:uuid: or a urn:oid: but real http: addresses are preferred.  Multiple instances may share the same URL if they have a distinct version.

The determination of when to create a new version of a resource (same url, new version) vs. defining a new artifact is up to the author.  Considerations for making this decision are found in [Technical and Business Versions](http://hl7.org/fhir/R4/resource.html#versions). 

In some cases, the resource can no longer be found at the stated url, but the url itself cannot change. Implementations can use the [meta.source](http://hl7.org/fhir/R4/resource.html#meta) element to indicate where the current master source of the resource can be found.","Allows the terminology capabilities to be referenced by a single globally unique identifier.","","","","","","","",,,,,"",,,,"TerminologyCapabilities.url",0,1,"","ele-1:All FHIR elements must have a @value or children {hasValue() or (children().count() > id.count())}
","Definition.url","FiveWs.identifier"
"TerminologyCapabilities.version","TerminologyCapabilities.version","","","",0,1,"","","Y","string {[]} {[]}
","Business version of the terminology capabilities","The identifier that is used to identify this version of the terminology capabilities when it is referenced in a specification, model, design or instance. This is an arbitrary value managed by the terminology capabilities author and is not expected to be globally unique. For example, it might be a timestamp (e.g. yyyymmdd) if a managed version is not available. There is also no expectation that versions can be placed in a lexicographical sequence.","There may be different terminology capabilities instances that have the same identifier but different versions.  The version can be appended to the url in a reference to allow a reference to a particular business version of the terminology capabilities with the format [url]|[version].","","","","","","","","",,,,,"",,,,"TerminologyCapabilities.version",0,1,"","ele-1:All FHIR elements must have a @value or children {hasValue() or (children().count() > id.count())}
","Definition.version","FiveWs.version"
"TerminologyCapabilities.name","TerminologyCapabilities.name","","","",0,1,"","","Y","string {[]} {[]}
","Name for this terminology capabilities (computer friendly)","A natural language name identifying the terminology capabilities. This name should be usable as an identifier for the module by machine processing applications such as code generation.","The name is not expected to be globally unique. The name should be a simple alphanumeric type name to ensure that it is machine-processing friendly.","Support human navigation and code generation.","","","","","","","",,,,,"",,,,"TerminologyCapabilities.name",0,1,"inv-0
","ele-1:All FHIR elements must have a @value or children {hasValue() or (children().count() > id.count())}
"
"TerminologyCapabilities.title","TerminologyCapabilities.title","","","",0,1,"","","Y","string {[]} {[]}
","Name for this terminology capabilities (human friendly)","A short, descriptive, user-friendly title for the terminology capabilities.","This name does not need to be machine-processing friendly and may contain punctuation, white-space, etc.","","","","","","","","",,,,,"",,,,"TerminologyCapabilities.title",0,1,"","ele-1:All FHIR elements must have a @value or children {hasValue() or (children().count() > id.count())}
","Definition.title"
"TerminologyCapabilities.status","TerminologyCapabilities.status","","","",1,1,"","Y","Y","code {[]} {[]}
","draft | active | retired | unknown","The status of this terminology capabilities. Enables tracking the life-cycle of the content.","Allows filtering of terminology capabilitiess that are appropriate for use versus not.This is not intended for use with actual capability statements, but where capability statements are used to describe possible or desired systems.","","","","","","","","",,"required","The lifecycle status of an artifact.","http://hl7.org/fhir/ValueSet/publication-status|4.0.1","",,,,"TerminologyCapabilities.status",1,1,"","ele-1:All FHIR elements must have a @value or children {hasValue() or (children().count() > id.count())}
","Definition.status","FiveWs.status"
"TerminologyCapabilities.experimental","TerminologyCapabilities.experimental","","","",0,1,"","","Y","boolean {[]} {[]}
","For testing purposes, not real usage","A Boolean value to indicate that this terminology capabilities is authored for testing purposes (or education/evaluation/marketing) and is not intended to be used for genuine usage.","Allows filtering of terminology capabilitiess that are appropriate for use versus not.","Enables experimental content to be developed following the same lifecycle that would be used for a production-level terminology capabilities.","","","","","","","",,,,,"",,,,"TerminologyCapabilities.experimental",0,1,"","ele-1:All FHIR elements must have a @value or children {hasValue() or (children().count() > id.count())}
","Definition.experimental","FiveWs.class"
"TerminologyCapabilities.date","TerminologyCapabilities.date","","Revision Date
","",1,1,"","","Y","dateTime {[]} {[]}
","Date last changed","The date  (and optionally time) when the terminology capabilities was published. The date must change when the business version changes and it must change if the status code changes. In addition, it should change when the substantive content of the terminology capabilities changes.","Note that this is not the same as the resource last-modified-date, since the resource may be a secondary representation of the terminology capabilities. Additional specific dates may be added as extensions or be found by consulting Provenances associated with past versions of the resource.","","","","","","","","",,,,,"",,,,"TerminologyCapabilities.date",1,1,"","ele-1:All FHIR elements must have a @value or children {hasValue() or (children().count() > id.count())}
","Definition.date","FiveWs.recorded"
"TerminologyCapabilities.publisher","TerminologyCapabilities.publisher","","","",0,1,"","","Y","string {[]} {[]}
","Name of the publisher (organization or individual)","The name of the organization or individual that published the terminology capabilities.","Usually an organization but may be an individual. The publisher (or steward) of the terminology capabilities is the organization or individual primarily responsible for the maintenance and upkeep of the terminology capabilities. This is not necessarily the same individual or organization that developed and initially authored the content. The publisher is the primary point of contact for questions or issues with the terminology capabilities. This item SHOULD be populated unless the information is available from context.","Helps establish the ""authority/credibility"" of the terminology capabilities.  May also allow for contact.","","","","","","","",,,,,"",,,,"TerminologyCapabilities.publisher",0,1,"","ele-1:All FHIR elements must have a @value or children {hasValue() or (children().count() > id.count())}
","Definition.publisher","FiveWs.witness"
"TerminologyCapabilities.contact","TerminologyCapabilities.contact","","","",0,*,"","","Y","ContactDetail {[]} {[]}
","Contact details for the publisher","Contact details to assist a user in finding and communicating with the publisher.","May be a web site, an email address, a telephone number, etc.","","","","","","","","",,,,,"",,,,"TerminologyCapabilities.contact",0,*,"","ele-1:All FHIR elements must have a @value or children {hasValue() or (children().count() > id.count())}
","Definition.contact"
"TerminologyCapabilities.description","TerminologyCapabilities.description","","","",0,1,"","","","markdown {[]} {[]}
","Natural language description of the terminology capabilities","A free text natural language description of the terminology capabilities from a consumer's perspective. Typically, this is used when the capability statement describes a desired rather than an actual solution, for example as a formal expression of requirements as part of an RFP.","This description can be used to capture details such as why the terminology capabilities was built, comments about misuse, instructions for clinical use and interpretation, literature references, examples from the paper world, etc. It is not a rendering of the terminology capabilities as conveyed in the 'text' field of the resource itself. This item SHOULD be populated unless the information is available from context (e.g. the language of the terminology capabilities is presumed to be the predominant language in the place the terminology capabilities was created).This does not need to be populated if the description is adequately implied by the software or implementation details.","","","","","","","","",,,,,"",,,,"TerminologyCapabilities.description",0,1,"","ele-1:All FHIR elements must have a @value or children {hasValue() or (children().count() > id.count())}
","Definition.description"
"TerminologyCapabilities.useContext","TerminologyCapabilities.useContext","","","",0,*,"","","Y","UsageContext {[]} {[]}
","The context that the content is intended to support","The content was developed with a focus and intent of supporting the contexts that are listed. These contexts may be general categories (gender, age, ...) or may be references to specific programs (insurance plans, studies, ...) and may be used to assist with indexing and searching for appropriate terminology capabilities instances.","When multiple useContexts are specified, there is no expectation that all or any of the contexts apply.","Assist in searching for appropriate content.","","","","","","","",,,,,"",,,,"TerminologyCapabilities.useContext",0,*,"","ele-1:All FHIR elements must have a @value or children {hasValue() or (children().count() > id.count())}
","Definition.useContext"
"TerminologyCapabilities.jurisdiction","TerminologyCapabilities.jurisdiction","","","",0,*,"","","Y","CodeableConcept {[]} {[]}
","Intended jurisdiction for terminology capabilities (if applicable)","A legal or geographic region in which the terminology capabilities is intended to be used.","It may be possible for the terminology capabilities to be used in jurisdictions other than those for which it was originally designed or intended.","","","","","","","","",,"extensible","Countries and regions within which this artifact is targeted for use.","http://hl7.org/fhir/ValueSet/jurisdiction|4.0.1","",,,,"TerminologyCapabilities.jurisdiction",0,*,"","ele-1:All FHIR elements must have a @value or children {hasValue() or (children().count() > id.count())}
","Definition.jurisdiction"
"TerminologyCapabilities.purpose","TerminologyCapabilities.purpose","","","",0,1,"","","","markdown {[]} {[]}
","Why this terminology capabilities is defined","Explanation of why this terminology capabilities is needed and why it has been designed as it has.","This element does not describe the usage of the terminology capabilities. Instead, it provides traceability of ''why'' the resource is either needed or ''why'' it is defined as it is.  This may be used to point to source materials or specifications that drove the structure of this terminology capabilities.","","","","","","","","",,,,,"",,,,"TerminologyCapabilities.purpose",0,1,"","ele-1:All FHIR elements must have a @value or children {hasValue() or (children().count() > id.count())}
","Definition.purpose","FiveWs.why[x]","no-gen-base"
"TerminologyCapabilities.copyright","TerminologyCapabilities.copyright","","License
Restrictions","",0,1,"","","Y","markdown {[]} {[]}
","Use and/or publishing restrictions","A copyright statement relating to the terminology capabilities and/or its contents. Copyright statements are generally legal restrictions on the use and publishing of the terminology capabilities.","","Consumers must be able to determine any legal restrictions on the use of the terminology capabilities and/or its content.","","","","","","","",,,,,"",,,,"TerminologyCapabilities.copyright",0,1,"","ele-1:All FHIR elements must have a @value or children {hasValue() or (children().count() > id.count())}
","Definition.copyright","no-gen-base"
"TerminologyCapabilities.kind","TerminologyCapabilities.kind","","","",1,1,"","","Y","code {[]} {[]}
","instance | capability | requirements","The way that this statement is intended to be used, to describe an actual running instance of software, a particular product (kind, not instance of software) or a class of implementation (e.g. a desired purchase).","","Allow searching the 3 modes.","","","","","","","",,"required","How a capability statement is intended to be used.","http://hl7.org/fhir/ValueSet/capability-statement-kind|4.0.1","",,,,"TerminologyCapabilities.kind",1,1,"tcp-3
tcp-4tcp-5","ele-1:All FHIR elements must have a @value or children {hasValue() or (children().count() > id.count())}
"
"TerminologyCapabilities.software","TerminologyCapabilities.software","","","",0,1,"","","Y","BackboneElement {[]} {[]}
","Software that is covered by this terminology capability statement","Software that is covered by this terminology capability statement.  It is used when the statement describes the capabilities of a particular software version, independent of an installation.","","","","","","","","","",,,,,"",,,,"TerminologyCapabilities.software",0,1,"tcp-2
","ele-1:All FHIR elements must have a @value or children {hasValue() or (children().count() > id.count())}
"
"TerminologyCapabilities.software.id","TerminologyCapabilities.software.id","","","",0,1,"","","","string {[]} {[]}
","Unique id for inter-element referencing","Unique id for the element within a resource (for internal references). This may be any string value that does not contain spaces.","","","","","","","","","",,,,,"",,,,"Element.id",0,1,"","","n/a"
"TerminologyCapabilities.software.extension","TerminologyCapabilities.software.extension","","","",0,*,"","","","Extension {[]} {[]}
","Extension","An Extension","","","","","","","","","",,,,,"","value:url}
","",,"open","Element.extension",0,*,"","ele-1:All FHIR elements must have a @value or children {hasValue() or (children().count() > id.count())}
ext-1:Must have either extensions or value[x], not both {extension.exists() != value.exists()}"
"TerminologyCapabilities.software.extension:software","TerminologyCapabilities.software.extension","software","","",0,1,"","","","Extension {[CanonicalType[http://hl7.org/fhir/5.0/StructureDefinition/extension-TerminologyCapabilities.software|0.0.1-snapshot-3]]} {[]}
","Cross-version extension for TerminologyCapabilities.software from R5 for use in FHIR R4","Software that is covered by this terminology capability statement.  It is used when the statement describes the capabilities of a particular software version, independent of an installation.","Element `TerminologyCapabilities.software` has is mapped to FHIR R4 element `TerminologyCapabilities.software`, but has no comparisons.","","","","","","","","",,,,,"",,,,"Element.extension",0,*,"ele-1
","ele-1:All FHIR elements must have a @value or children {hasValue() or (children().count() > id.count())}
ext-1:Must have either extensions or value[x], not both {extension.exists() != value.exists()}"
"TerminologyCapabilities.software.modifierExtension","TerminologyCapabilities.software.modifierExtension","","extensions
user contentmodifiers","",0,*,"","Y","Y","Extension {[]} {[]}
","Extensions that cannot be ignored even if unrecognized","May be used to represent additional information that is not part of the basic definition of the element and that modifies the understanding of the element in which it is contained and/or the understanding of the containing element's descendants. Usually modifier elements provide negation or qualification. To make the use of extensions safe and manageable, there is a strict set of governance applied to the definition and use of extensions. Though any implementer can define an extension, there is a set of requirements that SHALL be met as part of the definition of the extension. Applications processing a resource are required to check for modifier extensions.

Modifier extensions SHALL NOT change the meaning of any elements on Resource or DomainResource (including cannot change the meaning of modifierExtension itself).","There can be no stigma associated with the use of extensions by any application, project, or standard - regardless of the institution or jurisdiction that uses or defines the extensions.  The use of extensions is what allows the FHIR specification to retain a core level of simplicity for everyone.","Modifier extensions allow for extensions that *cannot* be safely ignored to be clearly distinguished from the vast majority of extensions which can be safely ignored.  This promotes interoperability by eliminating the need for implementers to prohibit the presence of extensions. For further information, see the [definition of modifier extensions](http://hl7.org/fhir/R4/extensibility.html#modifierExtension).","","","","","","","",,,,,"",,,,"BackboneElement.modifierExtension",0,*,"","ele-1:All FHIR elements must have a @value or children {hasValue() or (children().count() > id.count())}
ext-1:Must have either extensions or value[x], not both {extension.exists() != value.exists()}","N/A"
"TerminologyCapabilities.software.name","TerminologyCapabilities.software.name","","","",1,1,"","","Y","string {[]} {[]}
","A name the software is known by","Name the software is known by.","","","","","","","","","",,,,,"",,,,"TerminologyCapabilities.software.name",1,1,"","ele-1:All FHIR elements must have a @value or children {hasValue() or (children().count() > id.count())}
"
"TerminologyCapabilities.software.version","TerminologyCapabilities.software.version","","","",0,1,"","","Y","string {[]} {[]}
","Version covered by this statement","The version identifier for the software covered by this statement.","If possible, a version should be specified, as statements are likely to be different for different versions of software.","","","","","","","","",,,,,"",,,,"TerminologyCapabilities.software.version",0,1,"","ele-1:All FHIR elements must have a @value or children {hasValue() or (children().count() > id.count())}
"
"TerminologyCapabilities.implementation","TerminologyCapabilities.implementation","","","",0,1,"","","Y","BackboneElement {[]} {[]}
","If this describes a specific instance","Identifies a specific implementation instance that is described by the terminology capability statement - i.e. a particular installation, rather than the capabilities of a software program.","","","","","","","","","",,,,,"",,,,"TerminologyCapabilities.implementation",0,1,"tcp-2
tcp-5","ele-1:All FHIR elements must have a @value or children {hasValue() or (children().count() > id.count())}
"
"TerminologyCapabilities.implementation.id","TerminologyCapabilities.implementation.id","","","",0,1,"","","","string {[]} {[]}
","Unique id for inter-element referencing","Unique id for the element within a resource (for internal references). This may be any string value that does not contain spaces.","","","","","","","","","",,,,,"",,,,"Element.id",0,1,"","","n/a"
"TerminologyCapabilities.implementation.extension","TerminologyCapabilities.implementation.extension","","","",0,*,"","","","Extension {[]} {[]}
","Extension","An Extension","","","","","","","","","",,,,,"","value:url}
","",,"open","Element.extension",0,*,"","ele-1:All FHIR elements must have a @value or children {hasValue() or (children().count() > id.count())}
ext-1:Must have either extensions or value[x], not both {extension.exists() != value.exists()}"
"TerminologyCapabilities.implementation.extension:implementation","TerminologyCapabilities.implementation.extension","implementation","","",0,1,"","","","Extension {[CanonicalType[http://hl7.org/fhir/5.0/StructureDefinition/extension-TerminologyCapabilities.implementation|0.0.1-snapshot-3]]} {[]}
","Cross-version extension for TerminologyCapabilities.implementation from R5 for use in FHIR R4","Identifies a specific implementation instance that is described by the terminology capability statement - i.e. a particular installation, rather than the capabilities of a software program.","Element `TerminologyCapabilities.implementation` has is mapped to FHIR R4 element `TerminologyCapabilities.implementation`, but has no comparisons.","","","","","","","","",,,,,"",,,,"Element.extension",0,*,"ele-1
","ele-1:All FHIR elements must have a @value or children {hasValue() or (children().count() > id.count())}
ext-1:Must have either extensions or value[x], not both {extension.exists() != value.exists()}"
"TerminologyCapabilities.implementation.modifierExtension","TerminologyCapabilities.implementation.modifierExtension","","extensions
user contentmodifiers","",0,*,"","Y","Y","Extension {[]} {[]}
","Extensions that cannot be ignored even if unrecognized","May be used to represent additional information that is not part of the basic definition of the element and that modifies the understanding of the element in which it is contained and/or the understanding of the containing element's descendants. Usually modifier elements provide negation or qualification. To make the use of extensions safe and manageable, there is a strict set of governance applied to the definition and use of extensions. Though any implementer can define an extension, there is a set of requirements that SHALL be met as part of the definition of the extension. Applications processing a resource are required to check for modifier extensions.

Modifier extensions SHALL NOT change the meaning of any elements on Resource or DomainResource (including cannot change the meaning of modifierExtension itself).","There can be no stigma associated with the use of extensions by any application, project, or standard - regardless of the institution or jurisdiction that uses or defines the extensions.  The use of extensions is what allows the FHIR specification to retain a core level of simplicity for everyone.","Modifier extensions allow for extensions that *cannot* be safely ignored to be clearly distinguished from the vast majority of extensions which can be safely ignored.  This promotes interoperability by eliminating the need for implementers to prohibit the presence of extensions. For further information, see the [definition of modifier extensions](http://hl7.org/fhir/R4/extensibility.html#modifierExtension).","","","","","","","",,,,,"",,,,"BackboneElement.modifierExtension",0,*,"","ele-1:All FHIR elements must have a @value or children {hasValue() or (children().count() > id.count())}
ext-1:Must have either extensions or value[x], not both {extension.exists() != value.exists()}","N/A"
"TerminologyCapabilities.implementation.description","TerminologyCapabilities.implementation.description","","","",1,1,"","","Y","string {[]} {[]}
","Describes this specific instance","Information about the specific installation that this terminology capability statement relates to.","","","","","","","","","",,,,,"",,,,"TerminologyCapabilities.implementation.description",1,1,"","ele-1:All FHIR elements must have a @value or children {hasValue() or (children().count() > id.count())}
"
"TerminologyCapabilities.implementation.url","TerminologyCapabilities.implementation.url","","","",0,1,"","","Y","url {[]} {[]}
","Base URL for the implementation","An absolute base URL for the implementation.","","","","","","","","","",,,,,"",,,,"TerminologyCapabilities.implementation.url",0,1,"","ele-1:All FHIR elements must have a @value or children {hasValue() or (children().count() > id.count())}
"
"TerminologyCapabilities.lockedDate","TerminologyCapabilities.lockedDate","","","",0,1,"","","Y","boolean {[]} {[]}
","Whether lockedDate is supported","Whether the server supports lockedDate.","","","","","","","","","",,,,,"",,,,"TerminologyCapabilities.lockedDate",0,1,"","ele-1:All FHIR elements must have a @value or children {hasValue() or (children().count() > id.count())}
"
"TerminologyCapabilities.codeSystem","TerminologyCapabilities.codeSystem","","1
","",0,*,"","","","BackboneElement {[]} {[]}
","A code system supported by the server","Identifies a code system that is supported by the server. If there is a no code system URL, then this declares the general assumptions a client can make about support for any CodeSystem resource.","The code system - identified by its system URL - may also be declared explicitly as a Code System Resource at /CodeSystem, but it might not be.","","","","","","","","",,,,,"",,,,"TerminologyCapabilities.codeSystem",0,*,"","ele-1:All FHIR elements must have a @value or children {hasValue() or (children().count() > id.count())}
tcp-1:If there is more than one version, a version code must be defined {version.count() > 1 implies version.all(code.exists())}"
"TerminologyCapabilities.codeSystem.id","TerminologyCapabilities.codeSystem.id","","","",0,1,"","","","string {[]} {[]}
","Unique id for inter-element referencing","Unique id for the element within a resource (for internal references). This may be any string value that does not contain spaces.","","","","","","","","","",,,,,"",,,,"Element.id",0,1,"","","n/a"
"TerminologyCapabilities.codeSystem.extension","TerminologyCapabilities.codeSystem.extension","","","",0,*,"","","","Extension {[]} {[]}
","Extension","An Extension","","","","","","","","","",,,,,"","value:url}
","",,"open","Element.extension",0,*,"","ele-1:All FHIR elements must have a @value or children {hasValue() or (children().count() > id.count())}
ext-1:Must have either extensions or value[x], not both {extension.exists() != value.exists()}"
"TerminologyCapabilities.codeSystem.extension:codeSystem","TerminologyCapabilities.codeSystem.extension","codeSystem","","",0,*,"","","","Extension {[CanonicalType[http://hl7.org/fhir/5.0/StructureDefinition/extension-TerminologyCapabilities.codeSystem|0.0.1-snapshot-3]]} {[]}
","Cross-version extension for TerminologyCapabilities.codeSystem from R5 for use in FHIR R4","Identifies a code system that is supported by the server. If there is a no code system URL, then this declares the general assumptions a client can make about support for any CodeSystem resource.","Element `TerminologyCapabilities.codeSystem` has is mapped to FHIR R4 element `TerminologyCapabilities.codeSystem`, but has no comparisons.","","","","","","","","",,,,,"",,,,"Element.extension",0,*,"ele-1
","ele-1:All FHIR elements must have a @value or children {hasValue() or (children().count() > id.count())}
ext-1:Must have either extensions or value[x], not both {extension.exists() != value.exists()}"
"TerminologyCapabilities.codeSystem.modifierExtension","TerminologyCapabilities.codeSystem.modifierExtension","","extensions
user contentmodifiers","",0,*,"","Y","Y","Extension {[]} {[]}
","Extensions that cannot be ignored even if unrecognized","May be used to represent additional information that is not part of the basic definition of the element and that modifies the understanding of the element in which it is contained and/or the understanding of the containing element's descendants. Usually modifier elements provide negation or qualification. To make the use of extensions safe and manageable, there is a strict set of governance applied to the definition and use of extensions. Though any implementer can define an extension, there is a set of requirements that SHALL be met as part of the definition of the extension. Applications processing a resource are required to check for modifier extensions.

Modifier extensions SHALL NOT change the meaning of any elements on Resource or DomainResource (including cannot change the meaning of modifierExtension itself).","There can be no stigma associated with the use of extensions by any application, project, or standard - regardless of the institution or jurisdiction that uses or defines the extensions.  The use of extensions is what allows the FHIR specification to retain a core level of simplicity for everyone.","Modifier extensions allow for extensions that *cannot* be safely ignored to be clearly distinguished from the vast majority of extensions which can be safely ignored.  This promotes interoperability by eliminating the need for implementers to prohibit the presence of extensions. For further information, see the [definition of modifier extensions](http://hl7.org/fhir/R4/extensibility.html#modifierExtension).","","","","","","","",,,,,"",,,,"BackboneElement.modifierExtension",0,*,"","ele-1:All FHIR elements must have a @value or children {hasValue() or (children().count() > id.count())}
ext-1:Must have either extensions or value[x], not both {extension.exists() != value.exists()}","N/A"
"TerminologyCapabilities.codeSystem.uri","TerminologyCapabilities.codeSystem.uri","","","",0,1,"","","","canonical {[]} {[CanonicalType[http://hl7.org/fhir/StructureDefinition/CodeSystem|4.0.1]]}
","URI for the Code System","URI for the Code System.","","","","","","","","","",,,,,"",,,,"TerminologyCapabilities.codeSystem.uri",0,1,"","ele-1:All FHIR elements must have a @value or children {hasValue() or (children().count() > id.count())}
"
"TerminologyCapabilities.codeSystem.version","TerminologyCapabilities.codeSystem.version","","","",0,*,"","","","BackboneElement {[]} {[]}
","Version of Code System supported","For the code system, a list of versions that are supported by the server.","Language translations might not be available for all codes.","","","","","","","","",,,,,"",,,,"TerminologyCapabilities.codeSystem.version",0,*,"","ele-1:All FHIR elements must have a @value or children {hasValue() or (children().count() > id.count())}
"
"TerminologyCapabilities.codeSystem.version.id","TerminologyCapabilities.codeSystem.version.id","","","",0,1,"","","","string {[]} {[]}
","Unique id for inter-element referencing","Unique id for the element within a resource (for internal references). This may be any string value that does not contain spaces.","","","","","","","","","",,,,,"",,,,"Element.id",0,1,"","","n/a"
"TerminologyCapabilities.codeSystem.version.extension","TerminologyCapabilities.codeSystem.version.extension","","extensions
user content","",0,*,"","","","Extension {[]} {[]}
","Additional content defined by implementations","May be used to represent additional information that is not part of the basic definition of the element. To make the use of extensions safe and manageable, there is a strict set of governance  applied to the definition and use of extensions. Though any implementer can define an extension, there is a set of requirements that SHALL be met as part of the definition of the extension.","There can be no stigma associated with the use of extensions by any application, project, or standard - regardless of the institution or jurisdiction that uses or defines the extensions.  The use of extensions is what allows the FHIR specification to retain a core level of simplicity for everyone.","","","","","","","","",,,,,"",,,,"Element.extension",0,*,"","ele-1:All FHIR elements must have a @value or children {hasValue() or (children().count() > id.count())}
ext-1:Must have either extensions or value[x], not both {extension.exists() != value.exists()}","n/a"
"TerminologyCapabilities.codeSystem.version.modifierExtension","TerminologyCapabilities.codeSystem.version.modifierExtension","","extensions
user contentmodifiers","",0,*,"","Y","Y","Extension {[]} {[]}
","Extensions that cannot be ignored even if unrecognized","May be used to represent additional information that is not part of the basic definition of the element and that modifies the understanding of the element in which it is contained and/or the understanding of the containing element's descendants. Usually modifier elements provide negation or qualification. To make the use of extensions safe and manageable, there is a strict set of governance applied to the definition and use of extensions. Though any implementer can define an extension, there is a set of requirements that SHALL be met as part of the definition of the extension. Applications processing a resource are required to check for modifier extensions.

Modifier extensions SHALL NOT change the meaning of any elements on Resource or DomainResource (including cannot change the meaning of modifierExtension itself).","There can be no stigma associated with the use of extensions by any application, project, or standard - regardless of the institution or jurisdiction that uses or defines the extensions.  The use of extensions is what allows the FHIR specification to retain a core level of simplicity for everyone.","Modifier extensions allow for extensions that *cannot* be safely ignored to be clearly distinguished from the vast majority of extensions which can be safely ignored.  This promotes interoperability by eliminating the need for implementers to prohibit the presence of extensions. For further information, see the [definition of modifier extensions](http://hl7.org/fhir/R4/extensibility.html#modifierExtension).","","","","","","","",,,,,"",,,,"BackboneElement.modifierExtension",0,*,"","ele-1:All FHIR elements must have a @value or children {hasValue() or (children().count() > id.count())}
ext-1:Must have either extensions or value[x], not both {extension.exists() != value.exists()}","N/A"
"TerminologyCapabilities.codeSystem.version.code","TerminologyCapabilities.codeSystem.version.code","","","",0,1,"","","Y","string {[]} {[]}
","Version identifier for this version","For version-less code systems, there should be a single version with no identifier.","","","","","","","","","",,,,,"",,,,"TerminologyCapabilities.codeSystem.version.code",0,1,"tcp-1
","ele-1:All FHIR elements must have a @value or children {hasValue() or (children().count() > id.count())}
"
"TerminologyCapabilities.codeSystem.version.isDefault","TerminologyCapabilities.codeSystem.version.isDefault","","","",0,1,"","","Y","boolean {[]} {[]}
","If this is the default version for this code system","If this is the default version for this code system.","","","","","","","","","",,,,,"",,,,"TerminologyCapabilities.codeSystem.version.isDefault",0,1,"","ele-1:All FHIR elements must have a @value or children {hasValue() or (children().count() > id.count())}
"
"TerminologyCapabilities.codeSystem.version.compositional","TerminologyCapabilities.codeSystem.version.compositional","","","",0,1,"","","","boolean {[]} {[]}
","If compositional grammar is supported","If the compositional grammar defined by the code system is supported.","","","","","","","","","",,,,,"",,,,"TerminologyCapabilities.codeSystem.version.compositional",0,1,"","ele-1:All FHIR elements must have a @value or children {hasValue() or (children().count() > id.count())}
"
"TerminologyCapabilities.codeSystem.version.language","TerminologyCapabilities.codeSystem.version.language","","","",0,*,"","","","code {[]} {[]}
","Language Displays supported","Language Displays supported.","","","","","","","","","",,,,,"",,,,"TerminologyCapabilities.codeSystem.version.language",0,*,"","ele-1:All FHIR elements must have a @value or children {hasValue() or (children().count() > id.count())}
"
"TerminologyCapabilities.codeSystem.version.filter","TerminologyCapabilities.codeSystem.version.filter","","","",0,*,"","","","BackboneElement {[]} {[]}
","Filter Properties supported","Filter Properties supported.","","","","","","","","","",,,,,"",,,,"TerminologyCapabilities.codeSystem.version.filter",0,*,"","ele-1:All FHIR elements must have a @value or children {hasValue() or (children().count() > id.count())}
"
"TerminologyCapabilities.codeSystem.version.filter.id","TerminologyCapabilities.codeSystem.version.filter.id","","","",0,1,"","","","string {[]} {[]}
","Unique id for inter-element referencing","Unique id for the element within a resource (for internal references). This may be any string value that does not contain spaces.","","","","","","","","","",,,,,"",,,,"Element.id",0,1,"","","n/a"
"TerminologyCapabilities.codeSystem.version.filter.extension","TerminologyCapabilities.codeSystem.version.filter.extension","","extensions
user content","",0,*,"","","","Extension {[]} {[]}
","Additional content defined by implementations","May be used to represent additional information that is not part of the basic definition of the element. To make the use of extensions safe and manageable, there is a strict set of governance  applied to the definition and use of extensions. Though any implementer can define an extension, there is a set of requirements that SHALL be met as part of the definition of the extension.","There can be no stigma associated with the use of extensions by any application, project, or standard - regardless of the institution or jurisdiction that uses or defines the extensions.  The use of extensions is what allows the FHIR specification to retain a core level of simplicity for everyone.","","","","","","","","",,,,,"",,,,"Element.extension",0,*,"","ele-1:All FHIR elements must have a @value or children {hasValue() or (children().count() > id.count())}
ext-1:Must have either extensions or value[x], not both {extension.exists() != value.exists()}","n/a"
"TerminologyCapabilities.codeSystem.version.filter.modifierExtension","TerminologyCapabilities.codeSystem.version.filter.modifierExtension","","extensions
user contentmodifiers","",0,*,"","Y","Y","Extension {[]} {[]}
","Extensions that cannot be ignored even if unrecognized","May be used to represent additional information that is not part of the basic definition of the element and that modifies the understanding of the element in which it is contained and/or the understanding of the containing element's descendants. Usually modifier elements provide negation or qualification. To make the use of extensions safe and manageable, there is a strict set of governance applied to the definition and use of extensions. Though any implementer can define an extension, there is a set of requirements that SHALL be met as part of the definition of the extension. Applications processing a resource are required to check for modifier extensions.

Modifier extensions SHALL NOT change the meaning of any elements on Resource or DomainResource (including cannot change the meaning of modifierExtension itself).","There can be no stigma associated with the use of extensions by any application, project, or standard - regardless of the institution or jurisdiction that uses or defines the extensions.  The use of extensions is what allows the FHIR specification to retain a core level of simplicity for everyone.","Modifier extensions allow for extensions that *cannot* be safely ignored to be clearly distinguished from the vast majority of extensions which can be safely ignored.  This promotes interoperability by eliminating the need for implementers to prohibit the presence of extensions. For further information, see the [definition of modifier extensions](http://hl7.org/fhir/R4/extensibility.html#modifierExtension).","","","","","","","",,,,,"",,,,"BackboneElement.modifierExtension",0,*,"","ele-1:All FHIR elements must have a @value or children {hasValue() or (children().count() > id.count())}
ext-1:Must have either extensions or value[x], not both {extension.exists() != value.exists()}","N/A"
"TerminologyCapabilities.codeSystem.version.filter.code","TerminologyCapabilities.codeSystem.version.filter.code","","","",1,1,"","","","code {[]} {[]}
","Code of the property supported","Code of the property supported.","","","","","","","","","",,,,,"",,,,"TerminologyCapabilities.codeSystem.version.filter.code",1,1,"","ele-1:All FHIR elements must have a @value or children {hasValue() or (children().count() > id.count())}
"
"TerminologyCapabilities.codeSystem.version.filter.op","TerminologyCapabilities.codeSystem.version.filter.op","","","",1,*,"","","","code {[]} {[]}
","Operations supported for the property","Operations supported for the property.","","","","","","","","","",,,,,"",,,,"TerminologyCapabilities.codeSystem.version.filter.op",1,*,"","ele-1:All FHIR elements must have a @value or children {hasValue() or (children().count() > id.count())}
"
"TerminologyCapabilities.codeSystem.version.property","TerminologyCapabilities.codeSystem.version.property","","","",0,*,"","","","code {[]} {[]}
","Properties supported for $lookup","Properties supported for $lookup.","","","","","","","","","",,,,,"",,,,"TerminologyCapabilities.codeSystem.version.property",0,*,"","ele-1:All FHIR elements must have a @value or children {hasValue() or (children().count() > id.count())}
"
"TerminologyCapabilities.codeSystem.subsumption","TerminologyCapabilities.codeSystem.subsumption","","","",0,1,"","","","boolean {[]} {[]}
","Whether subsumption is supported","True if subsumption is supported for this version of the code system.","","","","","","","","","",,,,,"",,,,"TerminologyCapabilities.codeSystem.subsumption",0,1,"","ele-1:All FHIR elements must have a @value or children {hasValue() or (children().count() > id.count())}
"
"TerminologyCapabilities.expansion","TerminologyCapabilities.expansion","","","",0,1,"","","","BackboneElement {[]} {[]}
","Information about the [ValueSet/$expand](valueset-operation-expand.html) operation","Information about the [ValueSet/$expand](http://hl7.org/fhir/R4/valueset-operation-expand.html) operation.","","","","","","","","","",,,,,"",,,,"TerminologyCapabilities.expansion",0,1,"","ele-1:All FHIR elements must have a @value or children {hasValue() or (children().count() > id.count())}
"
"TerminologyCapabilities.expansion.id","TerminologyCapabilities.expansion.id","","","",0,1,"","","","string {[]} {[]}
","Unique id for inter-element referencing","Unique id for the element within a resource (for internal references). This may be any string value that does not contain spaces.","","","","","","","","","",,,,,"",,,,"Element.id",0,1,"","","n/a"
"TerminologyCapabilities.expansion.extension","TerminologyCapabilities.expansion.extension","","","",0,*,"","","","Extension {[]} {[]}
","Extension","An Extension","","","","","","","","","",,,,,"","value:url}
","",,"open","Element.extension",0,*,"","ele-1:All FHIR elements must have a @value or children {hasValue() or (children().count() > id.count())}
ext-1:Must have either extensions or value[x], not both {extension.exists() != value.exists()}"
"TerminologyCapabilities.expansion.extension:expansion","TerminologyCapabilities.expansion.extension","expansion","","",0,1,"","","","Extension {[CanonicalType[http://hl7.org/fhir/5.0/StructureDefinition/extension-TerminologyCapabilities.expansion|0.0.1-snapshot-3]]} {[]}
","Cross-version extension for TerminologyCapabilities.expansion from R5 for use in FHIR R4","Information about the [ValueSet/$expand](https://hl7.org/fhir/valueset-operation-expand.html) operation.","Element `TerminologyCapabilities.expansion` has is mapped to FHIR R4 element `TerminologyCapabilities.expansion`, but has no comparisons.","","","","","","","","",,,,,"",,,,"Element.extension",0,*,"ele-1
","ele-1:All FHIR elements must have a @value or children {hasValue() or (children().count() > id.count())}
ext-1:Must have either extensions or value[x], not both {extension.exists() != value.exists()}"
"TerminologyCapabilities.expansion.modifierExtension","TerminologyCapabilities.expansion.modifierExtension","","extensions
user contentmodifiers","",0,*,"","Y","Y","Extension {[]} {[]}
","Extensions that cannot be ignored even if unrecognized","May be used to represent additional information that is not part of the basic definition of the element and that modifies the understanding of the element in which it is contained and/or the understanding of the containing element's descendants. Usually modifier elements provide negation or qualification. To make the use of extensions safe and manageable, there is a strict set of governance applied to the definition and use of extensions. Though any implementer can define an extension, there is a set of requirements that SHALL be met as part of the definition of the extension. Applications processing a resource are required to check for modifier extensions.

Modifier extensions SHALL NOT change the meaning of any elements on Resource or DomainResource (including cannot change the meaning of modifierExtension itself).","There can be no stigma associated with the use of extensions by any application, project, or standard - regardless of the institution or jurisdiction that uses or defines the extensions.  The use of extensions is what allows the FHIR specification to retain a core level of simplicity for everyone.","Modifier extensions allow for extensions that *cannot* be safely ignored to be clearly distinguished from the vast majority of extensions which can be safely ignored.  This promotes interoperability by eliminating the need for implementers to prohibit the presence of extensions. For further information, see the [definition of modifier extensions](http://hl7.org/fhir/R4/extensibility.html#modifierExtension).","","","","","","","",,,,,"",,,,"BackboneElement.modifierExtension",0,*,"","ele-1:All FHIR elements must have a @value or children {hasValue() or (children().count() > id.count())}
ext-1:Must have either extensions or value[x], not both {extension.exists() != value.exists()}","N/A"
"TerminologyCapabilities.expansion.hierarchical","TerminologyCapabilities.expansion.hierarchical","","","",0,1,"","","","boolean {[]} {[]}
","Whether the server can return nested value sets","Whether the server can return nested value sets.","","","","","","","","","",,,,,"",,,,"TerminologyCapabilities.expansion.hierarchical",0,1,"","ele-1:All FHIR elements must have a @value or children {hasValue() or (children().count() > id.count())}
"
"TerminologyCapabilities.expansion.paging","TerminologyCapabilities.expansion.paging","","","",0,1,"","","","boolean {[]} {[]}
","Whether the server supports paging on expansion","Whether the server supports paging on expansion.","","","","","","","","","",,,,,"",,,,"TerminologyCapabilities.expansion.paging",0,1,"","ele-1:All FHIR elements must have a @value or children {hasValue() or (children().count() > id.count())}
"
"TerminologyCapabilities.expansion.incomplete","TerminologyCapabilities.expansion.incomplete","","","",0,1,"","","","boolean {[]} {[]}
","Allow request for incomplete expansions?","Allow request for incomplete expansions?","","","","","","","","","",,,,,"",,,,"TerminologyCapabilities.expansion.incomplete",0,1,"","ele-1:All FHIR elements must have a @value or children {hasValue() or (children().count() > id.count())}
"
"TerminologyCapabilities.expansion.parameter","TerminologyCapabilities.expansion.parameter","","","",0,*,"","","","BackboneElement {[]} {[]}
","Supported expansion parameter","Supported expansion parameter.","","","","","","","","","",,,,,"",,,,"TerminologyCapabilities.expansion.parameter",0,*,"","ele-1:All FHIR elements must have a @value or children {hasValue() or (children().count() > id.count())}
"
"TerminologyCapabilities.expansion.parameter.id","TerminologyCapabilities.expansion.parameter.id","","","",0,1,"","","","string {[]} {[]}
","Unique id for inter-element referencing","Unique id for the element within a resource (for internal references). This may be any string value that does not contain spaces.","","","","","","","","","",,,,,"",,,,"Element.id",0,1,"","","n/a"
"TerminologyCapabilities.expansion.parameter.extension","TerminologyCapabilities.expansion.parameter.extension","","extensions
user content","",0,*,"","","","Extension {[]} {[]}
","Additional content defined by implementations","May be used to represent additional information that is not part of the basic definition of the element. To make the use of extensions safe and manageable, there is a strict set of governance  applied to the definition and use of extensions. Though any implementer can define an extension, there is a set of requirements that SHALL be met as part of the definition of the extension.","There can be no stigma associated with the use of extensions by any application, project, or standard - regardless of the institution or jurisdiction that uses or defines the extensions.  The use of extensions is what allows the FHIR specification to retain a core level of simplicity for everyone.","","","","","","","","",,,,,"",,,,"Element.extension",0,*,"","ele-1:All FHIR elements must have a @value or children {hasValue() or (children().count() > id.count())}
ext-1:Must have either extensions or value[x], not both {extension.exists() != value.exists()}","n/a"
"TerminologyCapabilities.expansion.parameter.modifierExtension","TerminologyCapabilities.expansion.parameter.modifierExtension","","extensions
user contentmodifiers","",0,*,"","Y","Y","Extension {[]} {[]}
","Extensions that cannot be ignored even if unrecognized","May be used to represent additional information that is not part of the basic definition of the element and that modifies the understanding of the element in which it is contained and/or the understanding of the containing element's descendants. Usually modifier elements provide negation or qualification. To make the use of extensions safe and manageable, there is a strict set of governance applied to the definition and use of extensions. Though any implementer can define an extension, there is a set of requirements that SHALL be met as part of the definition of the extension. Applications processing a resource are required to check for modifier extensions.

Modifier extensions SHALL NOT change the meaning of any elements on Resource or DomainResource (including cannot change the meaning of modifierExtension itself).","There can be no stigma associated with the use of extensions by any application, project, or standard - regardless of the institution or jurisdiction that uses or defines the extensions.  The use of extensions is what allows the FHIR specification to retain a core level of simplicity for everyone.","Modifier extensions allow for extensions that *cannot* be safely ignored to be clearly distinguished from the vast majority of extensions which can be safely ignored.  This promotes interoperability by eliminating the need for implementers to prohibit the presence of extensions. For further information, see the [definition of modifier extensions](http://hl7.org/fhir/R4/extensibility.html#modifierExtension).","","","","","","","",,,,,"",,,,"BackboneElement.modifierExtension",0,*,"","ele-1:All FHIR elements must have a @value or children {hasValue() or (children().count() > id.count())}
ext-1:Must have either extensions or value[x], not both {extension.exists() != value.exists()}","N/A"
"TerminologyCapabilities.expansion.parameter.name","TerminologyCapabilities.expansion.parameter.name","","","",1,1,"","","","code {[]} {[]}
","Expansion Parameter name","Expansion Parameter name.","","","","","","","","","",,,,,"",,,,"TerminologyCapabilities.expansion.parameter.name",1,1,"","ele-1:All FHIR elements must have a @value or children {hasValue() or (children().count() > id.count())}
"
"TerminologyCapabilities.expansion.parameter.documentation","TerminologyCapabilities.expansion.parameter.documentation","","","",0,1,"","","","string {[]} {[]}
","Description of support for parameter","Description of support for parameter.","","","","","","","","","",,,,,"",,,,"TerminologyCapabilities.expansion.parameter.documentation",0,1,"","ele-1:All FHIR elements must have a @value or children {hasValue() or (children().count() > id.count())}
"
"TerminologyCapabilities.expansion.textFilter","TerminologyCapabilities.expansion.textFilter","","","",0,1,"","","","markdown {[]} {[]}
","Documentation about text searching works","Documentation about text searching works.","This documentation should cover things like case sensitivity,  use of punctuation if not ignored, what wild cards are supported (if any), whether text is starts with or contains, and whether word order matters.","","","","","","","","",,,,,"",,,,"TerminologyCapabilities.expansion.textFilter",0,1,"","ele-1:All FHIR elements must have a @value or children {hasValue() or (children().count() > id.count())}
"
"TerminologyCapabilities.codeSearch","TerminologyCapabilities.codeSearch","","","",0,1,"","","","code {[]} {[]}
","explicit | all","The degree to which the server supports the code search parameter on ValueSet, if it is supported.","See notes on the [ValueSet](http://hl7.org/fhir/R4/valueset.html#) resource.","","","","","","","","",,"required","The degree to which the server supports the code search parameter on ValueSet, if it is supported.","http://hl7.org/fhir/ValueSet/code-search-support|4.0.1","",,,,"TerminologyCapabilities.codeSearch",0,1,"","ele-1:All FHIR elements must have a @value or children {hasValue() or (children().count() > id.count())}
"
"TerminologyCapabilities.codeSearch.id","TerminologyCapabilities.codeSearch.id","","","",0,1,"","","","string {[]} {[]}
","xml:id (or equivalent in JSON)","unique id for the element within a resource (for internal references)","","","","","","","","","",,,,,"",,,,"Element.id",0,1,"",""
"TerminologyCapabilities.codeSearch.extension","TerminologyCapabilities.codeSearch.extension","","","",0,*,"","","","Extension {[]} {[]}
","Extension","An Extension","","","","","","","","","",,,,,"","value:url}
","",,"open","Element.extension",0,*,"","ele-1:All FHIR elements must have a @value or children {hasValue() or (children().count() > id.count())}
ext-1:Must have either extensions or value[x], not both {extension.exists() != value.exists()}"
"TerminologyCapabilities.codeSearch.extension:codeSearch","TerminologyCapabilities.codeSearch.extension","codeSearch","","",0,1,"","","","Extension {[CanonicalType[http://hl7.org/fhir/5.0/StructureDefinition/extension-TerminologyCapabilities.codeSearch|0.0.1-snapshot-3]]} {[]}
","Cross-version extension for TerminologyCapabilities.codeSearch from R5 for use in FHIR R4","The degree to which the server supports the code search parameter on ValueSet, if it is supported.","Element `TerminologyCapabilities.codeSearch` has is mapped to FHIR R4 element `TerminologyCapabilities.codeSearch`, but has no comparisons.","","","","","","","","",,,,,"",,,,"Element.extension",0,*,"ele-1
","ele-1:All FHIR elements must have a @value or children {hasValue() or (children().count() > id.count())}
ext-1:Must have either extensions or value[x], not both {extension.exists() != value.exists()}"
"TerminologyCapabilities.codeSearch.value","TerminologyCapabilities.codeSearch.value","","","",0,1,"","","","string {[]} {[]}
","Primitive value for code","Primitive value for code","","","","","","","","","",,,,,"",,,,"string.value",0,1,"",""
"TerminologyCapabilities.validateCode","TerminologyCapabilities.validateCode","","","",0,1,"","","","BackboneElement {[]} {[]}
","Information about the [ValueSet/$validate-code](valueset-operation-validate-code.html) operation","Information about the [ValueSet/$validate-code](http://hl7.org/fhir/R4/valueset-operation-validate-code.html) operation.","","","","","","","","","",,,,,"",,,,"TerminologyCapabilities.validateCode",0,1,"","ele-1:All FHIR elements must have a @value or children {hasValue() or (children().count() > id.count())}
"
"TerminologyCapabilities.validateCode.id","TerminologyCapabilities.validateCode.id","","","",0,1,"","","","string {[]} {[]}
","Unique id for inter-element referencing","Unique id for the element within a resource (for internal references). This may be any string value that does not contain spaces.","","","","","","","","","",,,,,"",,,,"Element.id",0,1,"","","n/a"
"TerminologyCapabilities.validateCode.extension","TerminologyCapabilities.validateCode.extension","","","",0,*,"","","","Extension {[]} {[]}
","Extension","An Extension","","","","","","","","","",,,,,"","value:url}
","",,"open","Element.extension",0,*,"","ele-1:All FHIR elements must have a @value or children {hasValue() or (children().count() > id.count())}
ext-1:Must have either extensions or value[x], not both {extension.exists() != value.exists()}"
"TerminologyCapabilities.validateCode.extension:validateCode","TerminologyCapabilities.validateCode.extension","validateCode","","",0,1,"","","","Extension {[CanonicalType[http://hl7.org/fhir/5.0/StructureDefinition/extension-TerminologyCapabilities.validateCode|0.0.1-snapshot-3]]} {[]}
","Cross-version extension for TerminologyCapabilities.validateCode from R5 for use in FHIR R4","Information about the [ValueSet/$validate-code](https://hl7.org/fhir/valueset-operation-validate-code.html) operation.","Element `TerminologyCapabilities.validateCode` has is mapped to FHIR R4 element `TerminologyCapabilities.validateCode`, but has no comparisons.","","","","","","","","",,,,,"",,,,"Element.extension",0,*,"ele-1
","ele-1:All FHIR elements must have a @value or children {hasValue() or (children().count() > id.count())}
ext-1:Must have either extensions or value[x], not both {extension.exists() != value.exists()}"
"TerminologyCapabilities.validateCode.modifierExtension","TerminologyCapabilities.validateCode.modifierExtension","","extensions
user contentmodifiers","",0,*,"","Y","Y","Extension {[]} {[]}
","Extensions that cannot be ignored even if unrecognized","May be used to represent additional information that is not part of the basic definition of the element and that modifies the understanding of the element in which it is contained and/or the understanding of the containing element's descendants. Usually modifier elements provide negation or qualification. To make the use of extensions safe and manageable, there is a strict set of governance applied to the definition and use of extensions. Though any implementer can define an extension, there is a set of requirements that SHALL be met as part of the definition of the extension. Applications processing a resource are required to check for modifier extensions.

Modifier extensions SHALL NOT change the meaning of any elements on Resource or DomainResource (including cannot change the meaning of modifierExtension itself).","There can be no stigma associated with the use of extensions by any application, project, or standard - regardless of the institution or jurisdiction that uses or defines the extensions.  The use of extensions is what allows the FHIR specification to retain a core level of simplicity for everyone.","Modifier extensions allow for extensions that *cannot* be safely ignored to be clearly distinguished from the vast majority of extensions which can be safely ignored.  This promotes interoperability by eliminating the need for implementers to prohibit the presence of extensions. For further information, see the [definition of modifier extensions](http://hl7.org/fhir/R4/extensibility.html#modifierExtension).","","","","","","","",,,,,"",,,,"BackboneElement.modifierExtension",0,*,"","ele-1:All FHIR elements must have a @value or children {hasValue() or (children().count() > id.count())}
ext-1:Must have either extensions or value[x], not both {extension.exists() != value.exists()}","N/A"
"TerminologyCapabilities.validateCode.translations","TerminologyCapabilities.validateCode.translations","","","",1,1,"","","","boolean {[]} {[]}
","Whether translations are validated","Whether translations are validated.","","","","","","","","","",,,,,"",,,,"TerminologyCapabilities.validateCode.translations",1,1,"","ele-1:All FHIR elements must have a @value or children {hasValue() or (children().count() > id.count())}
"
"TerminologyCapabilities.translation","TerminologyCapabilities.translation","","","",0,1,"","","","BackboneElement {[]} {[]}
","Information about the [ConceptMap/$translate](conceptmap-operation-translate.html) operation","Information about the [ConceptMap/$translate](http://hl7.org/fhir/R4/conceptmap-operation-translate.html) operation.","","","","","","","","","",,,,,"",,,,"TerminologyCapabilities.translation",0,1,"","ele-1:All FHIR elements must have a @value or children {hasValue() or (children().count() > id.count())}
"
"TerminologyCapabilities.translation.id","TerminologyCapabilities.translation.id","","","",0,1,"","","","string {[]} {[]}
","Unique id for inter-element referencing","Unique id for the element within a resource (for internal references). This may be any string value that does not contain spaces.","","","","","","","","","",,,,,"",,,,"Element.id",0,1,"","","n/a"
"TerminologyCapabilities.translation.extension","TerminologyCapabilities.translation.extension","","","",0,*,"","","","Extension {[]} {[]}
","Extension","An Extension","","","","","","","","","",,,,,"","value:url}
","",,"open","Element.extension",0,*,"","ele-1:All FHIR elements must have a @value or children {hasValue() or (children().count() > id.count())}
ext-1:Must have either extensions or value[x], not both {extension.exists() != value.exists()}"
"TerminologyCapabilities.translation.extension:translation","TerminologyCapabilities.translation.extension","translation","","",0,1,"","","","Extension {[CanonicalType[http://hl7.org/fhir/5.0/StructureDefinition/extension-TerminologyCapabilities.translation|0.0.1-snapshot-3]]} {[]}
","Cross-version extension for TerminologyCapabilities.translation from R5 for use in FHIR R4","Information about the [ConceptMap/$translate](https://hl7.org/fhir/conceptmap-operation-translate.html) operation.","Element `TerminologyCapabilities.translation` has is mapped to FHIR R4 element `TerminologyCapabilities.translation`, but has no comparisons.","","","","","","","","",,,,,"",,,,"Element.extension",0,*,"ele-1
","ele-1:All FHIR elements must have a @value or children {hasValue() or (children().count() > id.count())}
ext-1:Must have either extensions or value[x], not both {extension.exists() != value.exists()}"
"TerminologyCapabilities.translation.modifierExtension","TerminologyCapabilities.translation.modifierExtension","","extensions
user contentmodifiers","",0,*,"","Y","Y","Extension {[]} {[]}
","Extensions that cannot be ignored even if unrecognized","May be used to represent additional information that is not part of the basic definition of the element and that modifies the understanding of the element in which it is contained and/or the understanding of the containing element's descendants. Usually modifier elements provide negation or qualification. To make the use of extensions safe and manageable, there is a strict set of governance applied to the definition and use of extensions. Though any implementer can define an extension, there is a set of requirements that SHALL be met as part of the definition of the extension. Applications processing a resource are required to check for modifier extensions.

Modifier extensions SHALL NOT change the meaning of any elements on Resource or DomainResource (including cannot change the meaning of modifierExtension itself).","There can be no stigma associated with the use of extensions by any application, project, or standard - regardless of the institution or jurisdiction that uses or defines the extensions.  The use of extensions is what allows the FHIR specification to retain a core level of simplicity for everyone.","Modifier extensions allow for extensions that *cannot* be safely ignored to be clearly distinguished from the vast majority of extensions which can be safely ignored.  This promotes interoperability by eliminating the need for implementers to prohibit the presence of extensions. For further information, see the [definition of modifier extensions](http://hl7.org/fhir/R4/extensibility.html#modifierExtension).","","","","","","","",,,,,"",,,,"BackboneElement.modifierExtension",0,*,"","ele-1:All FHIR elements must have a @value or children {hasValue() or (children().count() > id.count())}
ext-1:Must have either extensions or value[x], not both {extension.exists() != value.exists()}","N/A"
"TerminologyCapabilities.translation.needsMap","TerminologyCapabilities.translation.needsMap","","","",1,1,"","","","boolean {[]} {[]}
","Whether the client must identify the map","Whether the client must identify the map.","","","","","","","","","",,,,,"",,,,"TerminologyCapabilities.translation.needsMap",1,1,"","ele-1:All FHIR elements must have a @value or children {hasValue() or (children().count() > id.count())}
"
"TerminologyCapabilities.closure","TerminologyCapabilities.closure","","","",0,1,"","","","BackboneElement {[]} {[]}
","Information about the [ConceptMap/$closure](conceptmap-operation-closure.html) operation","Whether the $closure operation is supported.","","","","","","","","","",,,,,"",,,,"TerminologyCapabilities.closure",0,1,"","ele-1:All FHIR elements must have a @value or children {hasValue() or (children().count() > id.count())}
"
"TerminologyCapabilities.closure.id","TerminologyCapabilities.closure.id","","","",0,1,"","","","string {[]} {[]}
","Unique id for inter-element referencing","Unique id for the element within a resource (for internal references). This may be any string value that does not contain spaces.","","","","","","","","","",,,,,"",,,,"Element.id",0,1,"","","n/a"
"TerminologyCapabilities.closure.extension","TerminologyCapabilities.closure.extension","","","",0,*,"","","","Extension {[]} {[]}
","Extension","An Extension","","","","","","","","","",,,,,"","value:url}
","",,"open","Element.extension",0,*,"","ele-1:All FHIR elements must have a @value or children {hasValue() or (children().count() > id.count())}
ext-1:Must have either extensions or value[x], not both {extension.exists() != value.exists()}"
"TerminologyCapabilities.closure.extension:closure","TerminologyCapabilities.closure.extension","closure","","",0,1,"","","","Extension {[CanonicalType[http://hl7.org/fhir/5.0/StructureDefinition/extension-TerminologyCapabilities.closure|0.0.1-snapshot-3]]} {[]}
","Cross-version extension for TerminologyCapabilities.closure from R5 for use in FHIR R4","Whether the $closure operation is supported.","Element `TerminologyCapabilities.closure` has is mapped to FHIR R4 element `TerminologyCapabilities.closure`, but has no comparisons.","","","","","","","","",,,,,"",,,,"Element.extension",0,*,"ele-1
","ele-1:All FHIR elements must have a @value or children {hasValue() or (children().count() > id.count())}
ext-1:Must have either extensions or value[x], not both {extension.exists() != value.exists()}"
"TerminologyCapabilities.closure.modifierExtension","TerminologyCapabilities.closure.modifierExtension","","extensions
user contentmodifiers","",0,*,"","Y","Y","Extension {[]} {[]}
","Extensions that cannot be ignored even if unrecognized","May be used to represent additional information that is not part of the basic definition of the element and that modifies the understanding of the element in which it is contained and/or the understanding of the containing element's descendants. Usually modifier elements provide negation or qualification. To make the use of extensions safe and manageable, there is a strict set of governance applied to the definition and use of extensions. Though any implementer can define an extension, there is a set of requirements that SHALL be met as part of the definition of the extension. Applications processing a resource are required to check for modifier extensions.

Modifier extensions SHALL NOT change the meaning of any elements on Resource or DomainResource (including cannot change the meaning of modifierExtension itself).","There can be no stigma associated with the use of extensions by any application, project, or standard - regardless of the institution or jurisdiction that uses or defines the extensions.  The use of extensions is what allows the FHIR specification to retain a core level of simplicity for everyone.","Modifier extensions allow for extensions that *cannot* be safely ignored to be clearly distinguished from the vast majority of extensions which can be safely ignored.  This promotes interoperability by eliminating the need for implementers to prohibit the presence of extensions. For further information, see the [definition of modifier extensions](http://hl7.org/fhir/R4/extensibility.html#modifierExtension).","","","","","","","",,,,,"",,,,"BackboneElement.modifierExtension",0,*,"","ele-1:All FHIR elements must have a @value or children {hasValue() or (children().count() > id.count())}
ext-1:Must have either extensions or value[x], not both {extension.exists() != value.exists()}","N/A"
"TerminologyCapabilities.closure.translation","TerminologyCapabilities.closure.translation","","","",0,1,"","","","boolean {[]} {[]}
","If cross-system closure is supported","If cross-system closure is supported.","","","","","","","","","",,,,,"",,,,"TerminologyCapabilities.closure.translation",0,1,"","ele-1:All FHIR elements must have a @value or children {hasValue() or (children().count() > id.count())}
"
