"Id","Path","Slice Name","Alias(s)","Label","Min","Max","Must Support?","Is Modifier?","Is Summary?","Type(s)","Short","Definition","Comments","Requirements","Default Value","Meaning When Missing","Fixed Value","Pattern","Example","Minimum Value","Maximum Value","Maximum Length","Binding Strength","Binding Description","Binding Value Set","Code","Slicing Discriminator","Slicing Description","Slicing Ordered","Slicing Rules","Base Path","Base Min","Base Max","Condition(s)","Constraint(s)","Mapping: BRIDG 5.1 Mapping","Mapping: HL7 v2 Mapping","Mapping: RIM Mapping","Mapping: ClinicalTrials.gov Mapping","Mapping: FiveWs Pattern Mapping"
"ResearchStudy","ResearchStudy","","Clinical Trial
Study","",0,*,"","","","null {[]} {[]}
","Investigation to increase healthcare-related patient-independent knowledge","A process where a researcher or organization plans and then executes a series of steps intended to increase the field of healthcare-related knowledge.  This includes studies of safety, efficacy, comparative effectiveness and other information about medications, devices, therapies and other interventional and investigative techniques.  A ResearchStudy involves the gathering of information about human or animal subjects.","Need to make sure we encompass public health studies.","","","","","","","","",,,,,"",,,,"ResearchStudy",0,*,"","dom-2:If the resource is contained in another resource, it SHALL NOT contain nested Resources {contained.contained.empty()}
dom-3:If the resource is contained in another resource, it SHALL be referred to from elsewhere in the resource or SHALL refer to the containing resource {contained.where((('#'+id in (%resource.descendants().reference | %resource.descendants().as(canonical) | %resource.descendants().as(uri) | %resource.descendants().as(url))) or descendants().where(reference = '#').exists() or descendants().where(as(canonical) = '#').exists() or descendants().where(as(canonical) = '#').exists()).not()).trace('unmatched', id).empty()}dom-4:If a resource is contained in another resource, it SHALL NOT have a meta.versionId or a meta.lastUpdated {contained.meta.versionId.empty() and contained.meta.lastUpdated.empty()}dom-5:If a resource is contained in another resource, it SHALL NOT have a security label {contained.meta.security.empty()}dom-6:A resource should have narrative for robust management {text.`div`.exists()}","ObservationalStudyProtocolVersion; Study;
StudyProtocolVersion","OBX","Entity. Role, or Act","Observation[classCode=CLNTRL, moodCode=EVN]"
"ResearchStudy.id","ResearchStudy.id","","","",0,1,"","","Y","id {[]} {[]}
","Logical id of this artifact","The logical id of the resource, as used in the URL for the resource. Once assigned, this value never changes.","The only time that a resource does not have an id is when it is being submitted to the server using a create operation.","","","","","","","","",,,,,"",,,,"Resource.id",0,1,"",""
"ResearchStudy.meta","ResearchStudy.meta","","","",0,1,"","","Y","Meta {[]} {[]}
","Metadata about the resource","The metadata about the resource. This is content that is maintained by the infrastructure. Changes to the content might not always be associated with version changes to the resource.","","","","","","","","","",,,,,"",,,,"Resource.meta",0,1,"","ele-1:All FHIR elements must have a @value or children {hasValue() or (children().count() > id.count())}
"
"ResearchStudy.implicitRules","ResearchStudy.implicitRules","","","",0,1,"","Y","Y","uri {[]} {[]}
","A set of rules under which this content was created","A reference to a set of rules that were followed when the resource was constructed, and which must be understood when processing the content. Often, this is a reference to an implementation guide that defines the special rules along with other profiles etc.","Asserting this rule set restricts the content to be only understood by a limited set of trading partners. This inherently limits the usefulness of the data in the long term. However, the existing health eco-system is highly fractured, and not yet ready to define, collect, and exchange data in a generally computable sense. Wherever possible, implementers and/or specification writers should avoid using this element. Often, when used, the URL is a reference to an implementation guide that defines these special rules as part of it's narrative along with other profiles, value sets, etc.","","","","","","","","",,,,,"",,,,"Resource.implicitRules",0,1,"","ele-1:All FHIR elements must have a @value or children {hasValue() or (children().count() > id.count())}
"
"ResearchStudy.language","ResearchStudy.language","","","",0,1,"","","","code {[]} {[]}
","Language of the resource content","The base language in which the resource is written.","Language is provided to support indexing and accessibility (typically, services such as text to speech use the language tag). The html language tag in the narrative applies  to the narrative. The language tag on the resource may be used to specify the language of other presentations generated from the data in the resource. Not all the content has to be in the base language. The Resource.language should not be assumed to apply to the narrative automatically. If a language is specified, it should it also be specified on the div element in the html (see rules in HTML5 for information about the relationship between xml:lang and the html lang attribute).","","","","","","","","",,"preferred","A human language.","http://hl7.org/fhir/ValueSet/languages|4.0.1","",,,,"Resource.language",0,1,"","ele-1:All FHIR elements must have a @value or children {hasValue() or (children().count() > id.count())}
"
"ResearchStudy.text","ResearchStudy.text","","narrative
htmlxhtmldisplay","",0,1,"","","","Narrative {[]} {[]}
","Text summary of the resource, for human interpretation","A human-readable narrative that contains a summary of the resource and can be used to represent the content of the resource to a human. The narrative need not encode all the structured data, but is required to contain sufficient detail to make it ""clinically safe"" for a human to just read the narrative. Resource definitions may define what content should be represented in the narrative to ensure clinical safety.","Contained resources do not have narrative. Resources that are not contained SHOULD have a narrative. In some cases, a resource may only have text with little or no additional discrete data (as long as all minOccurs=1 elements are satisfied).  This may be necessary for data from legacy systems where information is captured as a ""text blob"" or where text is additionally entered raw or narrated and encoded information is added later.","","","","","","","","",,,,,"",,,,"DomainResource.text",0,1,"","ele-1:All FHIR elements must have a @value or children {hasValue() or (children().count() > id.count())}
","Act.text?"
"ResearchStudy.contained","ResearchStudy.contained","","inline resources
anonymous resourcescontained resources","",0,*,"","","","Resource {[]} {[]}
","Contained, inline Resources","These resources do not have an independent existence apart from the resource that contains them - they cannot be identified independently, and nor can they have their own independent transaction scope.","This should never be done when the content can be identified properly, as once identification is lost, it is extremely difficult (and context dependent) to restore it again. Contained resources may have profiles and tags In their meta elements, but SHALL NOT have security labels.","","","","","","","","",,,,,"",,,,"DomainResource.contained",0,*,"","","N/A"
"ResearchStudy.extension","ResearchStudy.extension","","","",0,*,"","","","Extension {[]} {[]}
","Extension","An Extension","","","","","","","","","",,,,,"","value:url}
","",,"open","DomainResource.extension",0,*,"","ele-1:All FHIR elements must have a @value or children {hasValue() or (children().count() > id.count())}
ext-1:Must have either extensions or value[x], not both {extension.exists() != value.exists()}"
"ResearchStudy.extension:url","ResearchStudy.extension","url","","",0,1,"","","","Extension {[CanonicalType[http://hl7.org/fhir/5.0/StructureDefinition/extension-ResearchStudy.url|0.0.1-snapshot-3]]} {[]}
","Cross-version extension for ResearchStudy.url from R5 for use in FHIR R4","Canonical identifier for this study resource, represented as a globally unique URI.","Element `ResearchStudy.url` has a context of ResearchStudy based on following the parent source element upwards and mapping to `ResearchStudy`.","","","","","","","","",,,,,"",,,,"DomainResource.extension",0,*,"ele-1
","ele-1:All FHIR elements must have a @value or children {hasValue() or (children().count() > id.count())}
ext-1:Must have either extensions or value[x], not both {extension.exists() != value.exists()}"
"ResearchStudy.extension:version","ResearchStudy.extension","version","","",0,1,"","","","Extension {[CanonicalType[http://hl7.org/fhir/5.0/StructureDefinition/extension-ResearchStudy.version|0.0.1-snapshot-3]]} {[]}
","Cross-version extension for ResearchStudy.version from R5 for use in FHIR R4","The business version for the study record.","Element `ResearchStudy.version` has a context of ResearchStudy based on following the parent source element upwards and mapping to `ResearchStudy`.","","","","","","","","",,,,,"",,,,"DomainResource.extension",0,*,"ele-1
","ele-1:All FHIR elements must have a @value or children {hasValue() or (children().count() > id.count())}
ext-1:Must have either extensions or value[x], not both {extension.exists() != value.exists()}"
"ResearchStudy.extension:name","ResearchStudy.extension","name","","",0,1,"","","","Extension {[CanonicalType[http://hl7.org/fhir/5.0/StructureDefinition/extension-ResearchStudy.name|0.0.1-snapshot-3]]} {[]}
","Cross-version extension for ResearchStudy.name from R5 for use in FHIR R4","Name for this study (computer friendly).","Element `ResearchStudy.name` has a context of ResearchStudy based on following the parent source element upwards and mapping to `ResearchStudy`.","","","","","","","","",,,,,"",,,,"DomainResource.extension",0,*,"ele-1
","ele-1:All FHIR elements must have a @value or children {hasValue() or (children().count() > id.count())}
ext-1:Must have either extensions or value[x], not both {extension.exists() != value.exists()}"
"ResearchStudy.extension:label","ResearchStudy.extension","label","","",0,*,"","","","Extension {[CanonicalType[http://hl7.org/fhir/5.0/StructureDefinition/extension-ResearchStudy.label|0.0.1-snapshot-3]]} {[]}
","Cross-version extension for ResearchStudy.label from R5 for use in FHIR R4","Additional names for the study.","Element `ResearchStudy.label` has a context of ResearchStudy based on following the parent source element upwards and mapping to `ResearchStudy`.","","","","","","","","",,,,,"",,,,"DomainResource.extension",0,*,"ele-1
","ele-1:All FHIR elements must have a @value or children {hasValue() or (children().count() > id.count())}
ext-1:Must have either extensions or value[x], not both {extension.exists() != value.exists()}"
"ResearchStudy.extension:date","ResearchStudy.extension","date","","",0,1,"","","","Extension {[CanonicalType[http://hl7.org/fhir/5.0/StructureDefinition/extension-ResearchStudy.date|0.0.1-snapshot-3]]} {[]}
","Cross-version extension for ResearchStudy.date from R5 for use in FHIR R4","The date (and optionally time) when the ResearchStudy Resource was last significantly changed. The date must change when the business version changes and it must change if the status code changes. In addition, it should change when the substantive content of the ResearchStudy Resource changes.","Element `ResearchStudy.date` has a context of ResearchStudy based on following the parent source element upwards and mapping to `ResearchStudy`.","","","","","","","","",,,,,"",,,,"DomainResource.extension",0,*,"ele-1
","ele-1:All FHIR elements must have a @value or children {hasValue() or (children().count() > id.count())}
ext-1:Must have either extensions or value[x], not both {extension.exists() != value.exists()}"
"ResearchStudy.extension:studyDesign","ResearchStudy.extension","studyDesign","","",0,*,"","","","Extension {[CanonicalType[http://hl7.org/fhir/5.0/StructureDefinition/extension-ResearchStudy.studyDesign|0.0.1-snapshot-3]]} {[]}
","Cross-version extension for ResearchStudy.studyDesign from R5 for use in FHIR R4","Codes categorizing the type of study such as investigational vs. observational, type of blinding, type of randomization, safety vs. efficacy, etc.","Element `ResearchStudy.studyDesign` has a context of ResearchStudy based on following the parent source element upwards and mapping to `ResearchStudy`.","","","","","","","","",,,,,"",,,,"DomainResource.extension",0,*,"ele-1
","ele-1:All FHIR elements must have a @value or children {hasValue() or (children().count() > id.count())}
ext-1:Must have either extensions or value[x], not both {extension.exists() != value.exists()}"
"ResearchStudy.extension:descriptionSummary","ResearchStudy.extension","descriptionSummary","","",0,1,"","","","Extension {[CanonicalType[http://hl7.org/fhir/5.0/StructureDefinition/extension-ResearchStudy.descriptionSummary|0.0.1-snapshot-3]]} {[]}
","Cross-version extension for ResearchStudy.descriptionSummary from R5 for use in FHIR R4","A brief text for explaining the study.","Element `ResearchStudy.descriptionSummary` has a context of ResearchStudy based on following the parent source element upwards and mapping to `ResearchStudy`.","","","","","","","","",,,,,"",,,,"DomainResource.extension",0,*,"ele-1
","ele-1:All FHIR elements must have a @value or children {hasValue() or (children().count() > id.count())}
ext-1:Must have either extensions or value[x], not both {extension.exists() != value.exists()}"
"ResearchStudy.extension:classifier","ResearchStudy.extension","classifier","","",0,*,"","","","Extension {[CanonicalType[http://hl7.org/fhir/5.0/StructureDefinition/extension-ResearchStudy.classifier|0.0.1-snapshot-3]]} {[]}
","Cross-version extension for ResearchStudy.classifier from R5 for use in FHIR R4","Additional grouping mechanism or categorization of a research study. Example: FDA regulated device, FDA regulated drug, MPG Paragraph 23b (a German legal requirement), IRB-exempt, etc. Implementation Note: do not use the classifier element to support existing semantics that are already supported thru explicit elements in the resource.","Element `ResearchStudy.classifier` has a context of ResearchStudy based on following the parent source element upwards and mapping to `ResearchStudy`.","","","","","","","","",,,,,"",,,,"DomainResource.extension",0,*,"ele-1
","ele-1:All FHIR elements must have a @value or children {hasValue() or (children().count() > id.count())}
ext-1:Must have either extensions or value[x], not both {extension.exists() != value.exists()}"
"ResearchStudy.extension:associatedParty","ResearchStudy.extension","associatedParty","","",0,*,"","","","Extension {[CanonicalType[http://hl7.org/fhir/5.0/StructureDefinition/extension-ResearchStudy.associatedParty|0.0.1-snapshot-3]]} {[]}
","Cross-version extension for ResearchStudy.associatedParty from R5 for use in FHIR R4","Sponsors, collaborators, and other parties.","Element `ResearchStudy.associatedParty` has a context of ResearchStudy based on following the parent source element upwards and mapping to `ResearchStudy`.","","","","","","","","",,,,,"",,,,"DomainResource.extension",0,*,"ele-1
","ele-1:All FHIR elements must have a @value or children {hasValue() or (children().count() > id.count())}
ext-1:Must have either extensions or value[x], not both {extension.exists() != value.exists()}"
"ResearchStudy.extension:progressStatus","ResearchStudy.extension","progressStatus","","",0,*,"","","","Extension {[CanonicalType[http://hl7.org/fhir/5.0/StructureDefinition/extension-ResearchStudy.progressStatus|0.0.1-snapshot-3]]} {[]}
","Cross-version extension for ResearchStudy.progressStatus from R5 for use in FHIR R4","Status of study with time for that status.","Element `ResearchStudy.progressStatus` has a context of ResearchStudy based on following the parent source element upwards and mapping to `ResearchStudy`.","","","","","","","","",,,,,"",,,,"DomainResource.extension",0,*,"ele-1
","ele-1:All FHIR elements must have a @value or children {hasValue() or (children().count() > id.count())}
ext-1:Must have either extensions or value[x], not both {extension.exists() != value.exists()}"
"ResearchStudy.extension:recruitment","ResearchStudy.extension","recruitment","","",0,1,"","","","Extension {[CanonicalType[http://hl7.org/fhir/5.0/StructureDefinition/extension-ResearchStudy.recruitment|0.0.1-snapshot-3]]} {[]}
","Cross-version extension for ResearchStudy.recruitment from R5 for use in FHIR R4","Target or actual group of participants enrolled in study.","Element `ResearchStudy.recruitment` is mapped to FHIR R4 element `ResearchStudy` as `SourceIsNarrowerThanTarget`, concept domain: `NotRelatedTo`, value domain: `NotRelatedTo`.","","","","","","","","",,,,,"",,,,"DomainResource.extension",0,*,"ele-1
","ele-1:All FHIR elements must have a @value or children {hasValue() or (children().count() > id.count())}
ext-1:Must have either extensions or value[x], not both {extension.exists() != value.exists()}"
"ResearchStudy.extension:outcomeMeasure","ResearchStudy.extension","outcomeMeasure","","",0,*,"","","","Extension {[CanonicalType[http://hl7.org/fhir/5.0/StructureDefinition/extension-ResearchStudy.outcomeMeasure|0.0.1-snapshot-3]]} {[]}
","Cross-version extension for ResearchStudy.outcomeMeasure from R5 for use in FHIR R4","An ""outcome measure"", ""endpoint"", ""effect measure"" or ""measure of effect"" is a specific measurement or observation used to quantify the effect of experimental variables on the participants in a study, or for observational studies, to describe patterns of diseases or traits or associations with exposures, risk factors or treatment.","Element `ResearchStudy.outcomeMeasure` has a context of ResearchStudy based on following the parent source element upwards and mapping to `ResearchStudy`.","","","","","","","","",,,,,"",,,,"DomainResource.extension",0,*,"ele-1
","ele-1:All FHIR elements must have a @value or children {hasValue() or (children().count() > id.count())}
ext-1:Must have either extensions or value[x], not both {extension.exists() != value.exists()}"
"ResearchStudy.modifierExtension","ResearchStudy.modifierExtension","","extensions
user content","",0,*,"","Y","","Extension {[]} {[]}
","Extensions that cannot be ignored","May be used to represent additional information that is not part of the basic definition of the resource and that modifies the understanding of the element that contains it and/or the understanding of the containing element's descendants. Usually modifier elements provide negation or qualification. To make the use of extensions safe and manageable, there is a strict set of governance applied to the definition and use of extensions. Though any implementer is allowed to define an extension, there is a set of requirements that SHALL be met as part of the definition of the extension. Applications processing a resource are required to check for modifier extensions.

Modifier extensions SHALL NOT change the meaning of any elements on Resource or DomainResource (including cannot change the meaning of modifierExtension itself).","There can be no stigma associated with the use of extensions by any application, project, or standard - regardless of the institution or jurisdiction that uses or defines the extensions.  The use of extensions is what allows the FHIR specification to retain a core level of simplicity for everyone.","Modifier extensions allow for extensions that *cannot* be safely ignored to be clearly distinguished from the vast majority of extensions which can be safely ignored.  This promotes interoperability by eliminating the need for implementers to prohibit the presence of extensions. For further information, see the [definition of modifier extensions](http://hl7.org/fhir/R4/extensibility.html#modifierExtension).","","","","","","","",,,,,"",,,,"DomainResource.modifierExtension",0,*,"","ele-1:All FHIR elements must have a @value or children {hasValue() or (children().count() > id.count())}
ext-1:Must have either extensions or value[x], not both {extension.exists() != value.exists()}","N/A"
"ResearchStudy.identifier","ResearchStudy.identifier","","","",0,*,"","","Y","Identifier {[]} {[]}
","Business Identifier for study","Identifiers assigned to this research study by the sponsor or other systems.","","Allows identification of the research study as it is known by various participating systems and in a way that remains consistent across servers.","","","","","","","",,,,,"",,,,"ResearchStudy.identifier",0,*,"","ele-1:All FHIR elements must have a @value or children {hasValue() or (children().count() > id.count())}
","No BRIDG mapping (although there is  DocumentVersion.identifier > StudyProtocolDocumentVersion, this is arguably a different semantic)",".identifier","Organization's Unique Protocol ID; Secondary IDs","FiveWs.identifier"
"ResearchStudy.title","ResearchStudy.title","","","",0,1,"","","Y","string {[]} {[]}
","Name for this study","A short, descriptive user-friendly label for the study.","","","","","","","","","",,,,,"",,,,"ResearchStudy.title",0,1,"","ele-1:All FHIR elements must have a @value or children {hasValue() or (children().count() > id.count())}
","No BRIDG mapping (although there is  StudyProtocolDocumentVersionPublicTitle this is arguably a different semantic: title of a document vs title of a research study)","Brief Title"
"ResearchStudy.protocol","ResearchStudy.protocol","","","",0,*,"","","Y","Reference {[]} {[CanonicalType[http://hl7.org/fhir/StructureDefinition/PlanDefinition|4.0.1]]}
","Steps followed in executing study","The set of steps expected to be performed as part of the execution of the study.","","","","","","","","","",,,,,"",,,,"ResearchStudy.protocol",0,*,"","ele-1:All FHIR elements must have a @value or children {hasValue() or (children().count() > id.count())}
","StudyProtocolDocumentVersionPublicTitle.name",".outboundRelationship[typeCode=DEFN].target","Interventions; Arm/Intervention Cross-Reference"
"ResearchStudy.partOf","ResearchStudy.partOf","","container
","",0,*,"","","Y","Reference {[]} {[CanonicalType[http://hl7.org/fhir/StructureDefinition/ResearchStudy|4.0.1]]}
","Part of larger study","A larger research study of which this particular study is a component or step.","","Allows breaking a study into components (e.g. by study site) each with their own PI, status, enrollment, etc.","","","","","","","",,,,,"",,,,"ResearchStudy.partOf",0,*,"","ele-1:All FHIR elements must have a @value or children {hasValue() or (children().count() > id.count())}
","CompanionStudyRelationship",".inboundRelationship[typeCode=COMP].source[moodCode=EVN]"
"ResearchStudy.status","ResearchStudy.status","","","",1,1,"","Y","Y","code {[]} {[]}
","active | administratively-completed | approved | closed-to-accrual | closed-to-accrual-and-intervention | completed | disapproved | in-review | temporarily-closed-to-accrual | temporarily-closed-to-accrual-and-intervention | withdrawn","The current state of the study.","","","","","","","","","",,"required","Codes that convey the current status of the research study.","http://hl7.org/fhir/ValueSet/research-study-status|4.0.1","",,,,"ResearchStudy.status",1,1,"","ele-1:All FHIR elements must have a @value or children {hasValue() or (children().count() > id.count())}
","StudyOverallStatus.code",".status","FiveWs.status"
"ResearchStudy.status.id","ResearchStudy.status.id","","","",0,1,"","","","string {[]} {[]}
","xml:id (or equivalent in JSON)","unique id for the element within a resource (for internal references)","","","","","","","","","",,,,,"",,,,"Element.id",0,1,"",""
"ResearchStudy.status.extension","ResearchStudy.status.extension","","","",1,*,"","","","Extension {[]} {[]}
","Extension","An Extension","","","","","","","","","",,,,,"","value:url}
","",,"open","Element.extension",0,*,"","ele-1:All FHIR elements must have a @value or children {hasValue() or (children().count() > id.count())}
ext-1:Must have either extensions or value[x], not both {extension.exists() != value.exists()}"
"ResearchStudy.status.extension:status","ResearchStudy.status.extension","status","","",1,1,"","","","Extension {[CanonicalType[http://hl7.org/fhir/5.0/StructureDefinition/extension-ResearchStudy.status|0.0.1-snapshot-3]]} {[]}
","Cross-version extension for ResearchStudy.status from R5 for use in FHIR R4","The publication state of the resource (not of the study).","Note that the target element context `ResearchStudy.status` is a modifier element, so this extension does not need to be defined as a modifier.
Element `ResearchStudy.status` is mapped to FHIR R4 element `ResearchStudy.status` as `RelatedTo`, concept domain: `NotRelatedTo`, value domain: `NotRelatedTo`.","","","","","","","","",,,,,"",,,,"Element.extension",0,*,"ele-1
","ele-1:All FHIR elements must have a @value or children {hasValue() or (children().count() > id.count())}
ext-1:Must have either extensions or value[x], not both {extension.exists() != value.exists()}"
"ResearchStudy.status.value","ResearchStudy.status.value","","","",0,1,"","","","string {[]} {[]}
","Primitive value for code","Primitive value for code","","","","","","","","","",,,,,"",,,,"string.value",0,1,"",""
"ResearchStudy.primaryPurposeType","ResearchStudy.primaryPurposeType","","","",0,1,"","","Y","CodeableConcept {[]} {[]}
","treatment | prevention | diagnostic | supportive-care | screening | health-services-research | basic-science | device-feasibility","The type of study based upon the intent of the study's activities. A classification of the intent of the study.","","","","","","","","","",,"extensible","Codes for the main intent of the study.","http://hl7.org/fhir/ValueSet/research-study-prim-purp-type|4.0.1","",,,,"ResearchStudy.primaryPurposeType",0,1,"","ele-1:All FHIR elements must have a @value or children {hasValue() or (children().count() > id.count())}
","StudyProtocolVersion.primaryPurposeTypeCode"
"ResearchStudy.phase","ResearchStudy.phase","","","",0,1,"","","Y","CodeableConcept {[]} {[]}
","n-a | early-phase-1 | phase-1 | phase-1-phase-2 | phase-2 | phase-2-phase-3 | phase-3 | phase-4","The stage in the progression of a therapy from initial experimental use in humans in clinical trials to post-market evaluation.","","","","","","","","","",,"example","Codes for the stage in the progression of a therapy from initial experimental use in humans in clinical trials to post-market evaluation.","http://hl7.org/fhir/ValueSet/research-study-phase|4.0.1","",,,,"ResearchStudy.phase",0,1,"","ele-1:All FHIR elements must have a @value or children {hasValue() or (children().count() > id.count())}
","StudyProtocolVersion.phaseCode","Study Phase"
"ResearchStudy.category","ResearchStudy.category","","","",0,*,"","","Y","CodeableConcept {[]} {[]}
","Classifications for the study","Codes categorizing the type of study such as investigational vs. observational, type of blinding, type of randomization, safety vs. efficacy, etc.","","","","","","","","","",,"example","Codes that describe the type of research study.  E.g. Study phase, Interventional/Observational, blinding type, etc.","","",,,,"ResearchStudy.category",0,*,"","ele-1:All FHIR elements must have a @value or children {hasValue() or (children().count() > id.count())}
","InterventionalStudyProtocolVersion; InterventionalStudyProtocol.allocationCode; InterventionalStudyProtocol.blindedRoleCode; InterventionalStudyProtocol.blindingSchemaCode; InterventionalStudyProtocol.controlTypeCode","Study Type; Primary Purpose; Interventional Model; Masking; Allocation; study Classification; Observational Study Model; Time Perspective; Biospecimen Retention"
"ResearchStudy.focus","ResearchStudy.focus","","","",0,*,"","","Y","CodeableConcept {[]} {[]}
","Drugs, devices, etc. under study","The medication(s), food(s), therapy(ies), device(s) or other concerns or interventions that the study is seeking to gain more information about.","","","","","","","","","",,"example","Codes for medications, devices and other interventions.","","",,,,"ResearchStudy.focus",0,*,"","ele-1:All FHIR elements must have a @value or children {hasValue() or (children().count() > id.count())}
","InterventionalStudyProtocol.interventionTypeCode","Focus of Study","FiveWs.what[x]"
"ResearchStudy.focus.id","ResearchStudy.focus.id","","","",0,1,"","","","string {[]} {[]}
","Unique id for inter-element referencing","Unique id for the element within a resource (for internal references). This may be any string value that does not contain spaces.","","","","","","","","","",,,,,"",,,,"Element.id",0,1,"","","n/a"
"ResearchStudy.focus.extension","ResearchStudy.focus.extension","","","",0,*,"","","","Extension {[]} {[]}
","Extension","An Extension","","","","","","","","","",,,,,"","value:url}
","Extensions are always sliced by (at least) url",,"open","Element.extension",0,*,"","ele-1:All FHIR elements must have a @value or children {hasValue() or (children().count() > id.count())}
ext-1:Must have either extensions or value[x], not both {extension.exists() != value.exists()}"
"ResearchStudy.focus.extension:focus","ResearchStudy.focus.extension","focus","","",0,*,"","","","Extension {[CanonicalType[http://hl7.org/fhir/5.0/StructureDefinition/extension-ResearchStudy.focus|0.0.1-snapshot-3]]} {[]}
","Cross-version extension for ResearchStudy.focus from R5 for use in FHIR R4","The medication(s), food(s), therapy(ies), device(s) or other concerns or interventions that the study is seeking to gain more information about.","Element `ResearchStudy.focus` is mapped to FHIR R4 element `ResearchStudy.focus` as `SourceIsBroaderThanTarget`, concept domain: `NotRelatedTo`, value domain: `NotRelatedTo`.","","","","","","","","",,,,,"",,,,"Element.extension",0,*,"","ele-1:All FHIR elements must have a @value or children {hasValue() or (children().count() > id.count())}
ext-1:Must have either extensions or value[x], not both {extension.exists() != value.exists()}"
"ResearchStudy.focus.coding","ResearchStudy.focus.coding","","","",0,*,"","","Y","Coding {[]} {[]}
","Code defined by a terminology system","A reference to a code defined by a terminology system.","Codes may be defined very casually in enumerations, or code lists, up to very formal definitions such as SNOMED CT - see the HL7 v3 Core Principles for more information.  Ordering of codings is undefined and SHALL NOT be used to infer meaning. Generally, at most only one of the coding values will be labeled as UserSelected = true.","Allows for alternative encodings within a code system, and translations to other code systems.","","","","","","","",,,,,"",,,,"CodeableConcept.coding",0,*,"","ele-1:All FHIR elements must have a @value or children {hasValue() or (children().count() > id.count())}
","C*E.1-8, C*E.10-22","union(., ./translation)"
"ResearchStudy.focus.text","ResearchStudy.focus.text","","","",0,1,"","","Y","string {[]} {[]}
","Plain text representation of the concept","A human language representation of the concept as seen/selected/uttered by the user who entered the data and/or which represents the intended meaning of the user.","Very often the text is the same as a displayName of one of the codings.","The codes from the terminologies do not always capture the correct meaning with all the nuances of the human using them, or sometimes there is no appropriate code at all. In these cases, the text is used to capture the full meaning of the source.","","","","","","","",,,,,"",,,,"CodeableConcept.text",0,1,"","ele-1:All FHIR elements must have a @value or children {hasValue() or (children().count() > id.count())}
","C*E.9. But note many systems use C*E.2 for this","./originalText[mediaType/code=""text/plain""]/data"
"ResearchStudy.condition","ResearchStudy.condition","","","",0,*,"","","Y","CodeableConcept {[]} {[]}
","Condition being studied","The condition that is the focus of the study.  For example, In a study to examine risk factors for Lupus, might have as an inclusion criterion ""healthy volunteer"", but the target condition code would be a Lupus SNOMED code.","","","","","","","","","",,"example","Identification of the condition or diagnosis.","http://hl7.org/fhir/ValueSet/condition-code|4.0.1","",,,,"ResearchStudy.condition",0,*,"","ele-1:All FHIR elements must have a @value or children {hasValue() or (children().count() > id.count())}
","StudyCondition.code","Conditions","FiveWs.what[x]"
"ResearchStudy.contact","ResearchStudy.contact","","","",0,*,"","","Y","ContactDetail {[]} {[]}
","Contact details for the study","Contact details to assist a user in learning more about or engaging with the study.","","","","","","","","","",,,,,"",,,,"ResearchStudy.contact",0,*,"","ele-1:All FHIR elements must have a @value or children {hasValue() or (children().count() > id.count())}
","PointOfContact > Project > Research Project > Study > StudyProtocol > StudyProtocolVersion","Central Contact; Central Contact Backup; Overall Study Officials; Facility Contact & Backup (if Study tied to only one location); Investigators"
"ResearchStudy.relatedArtifact","ResearchStudy.relatedArtifact","","","",0,*,"","","","RelatedArtifact {[]} {[]}
","References and dependencies","Citations, references and other related documents.","","","","","","","","","",,,,,"",,,,"ResearchStudy.relatedArtifact",0,*,"","ele-1:All FHIR elements must have a @value or children {hasValue() or (children().count() > id.count())}
","StudyProtocolDocument, StudyProtocolDocumentVersion","Citations, Links, Available Study Data/Documents"
"ResearchStudy.keyword","ResearchStudy.keyword","","","",0,*,"","","Y","CodeableConcept {[]} {[]}
","Used to search for the study","Key terms to aid in searching for or filtering the study.","","","","","","","","","",,"example","Words associated with the study that may be useful in discovery.","","",,,,"ResearchStudy.keyword",0,*,"","ele-1:All FHIR elements must have a @value or children {hasValue() or (children().count() > id.count())}
","DocumentVersion.keywordCode; DocumentVersion.keywordText","Keywords"
"ResearchStudy.location","ResearchStudy.location","","","",0,*,"","","Y","CodeableConcept {[]} {[]}
","Geographic region(s) for study","Indicates a country, state or other region where the study is taking place.","","","","","","","","","",,"extensible","Countries and regions within which this artifact is targeted for use.","http://hl7.org/fhir/ValueSet/jurisdiction|4.0.1","",,,,"ResearchStudy.location",0,*,"","ele-1:All FHIR elements must have a @value or children {hasValue() or (children().count() > id.count())}
","StudyProtocolVersion.participatingLocationCode"
"ResearchStudy.description","ResearchStudy.description","","","",0,1,"","","","markdown {[]} {[]}
","What this is study doing","A full description of how the study is being conducted.","","","","","","","","","",,,,,"",,,,"ResearchStudy.description",0,1,"","ele-1:All FHIR elements must have a @value or children {hasValue() or (children().count() > id.count())}
","StudyProtocolDocumentVersion.publicDescription","Detailed Description"
"ResearchStudy.enrollment","ResearchStudy.enrollment","","patient
","",0,*,"","","Y","Reference {[]} {[CanonicalType[http://hl7.org/fhir/StructureDefinition/Group|4.0.1]]}
","Inclusion & exclusion criteria","Reference to a Group that defines the criteria for and quantity of subjects participating in the study.  E.g. "" 200 female Europeans between the ages of 20 and 45 with early onset diabetes"".","The Group referenced should not generally enumerate specific subjects.  Subjects will be linked to the study using the ResearchSubject resource.","","","","","","","","",,,,,"",,,,"ResearchStudy.enrollment",0,*,"","ele-1:All FHIR elements must have a @value or children {hasValue() or (children().count() > id.count())}
","InterventionalStudyProtocol.interventionGroupQuantity",".participation[typeCode=SBJ].role","Enrollment; Number of Groups/Cohorts (= number of ""enrollment"" instances); Groups (Group/Cohort Label = Group.name; Group/Cohort Description = Group.description); Eligibility (Group criteria)","FiveWs.subject[x]","FiveWs.subject"
"ResearchStudy.period","ResearchStudy.period","","timing
","",0,1,"","","Y","Period {[]} {[]}
","When the study began and ended","Identifies the start date and the expected (or actual, depending on status) end date for the study.","","","","","","","","","",,,,,"",,,,"ResearchStudy.period",0,1,"","ele-1:All FHIR elements must have a @value or children {hasValue() or (children().count() > id.count())}
","ProjectConduct.dateRange; StudyProtocolVersion.plannedDuration",".effectiveTime","Study Start Date (start); Study Completion Date (end)","FiveWs.done[x]"
"ResearchStudy.sponsor","ResearchStudy.sponsor","","","",0,1,"","","Y","Reference {[]} {[CanonicalType[http://hl7.org/fhir/StructureDefinition/Organization|4.0.1]]}
","Organization that initiates and is legally responsible for the study","An organization that initiates the investigation and is legally responsible for the study.","","","","","","","","","",,,,,"",,,,"ResearchStudy.sponsor",0,1,"","ele-1:All FHIR elements must have a @value or children {hasValue() or (children().count() > id.count())}
","RegulatoryApplicationSponsor; StudyLegalSponsor; StudyProtocolVersion.responsiblePartyCode",".participation[typeCode=PRF].role[scoper.determinerCode=INSTANCE]","Sponsor","FiveWs.actor"
"ResearchStudy.principalInvestigator","ResearchStudy.principalInvestigator","","","",0,1,"","","Y","Reference {[]} {[CanonicalType[http://hl7.org/fhir/StructureDefinition/Practitioner|4.0.1], CanonicalType[http://hl7.org/fhir/StructureDefinition/PractitionerRole|4.0.1]]}
","Researcher who oversees multiple aspects of the study","A researcher in a study who oversees multiple aspects of the study, such as concept development, protocol writing, protocol submission for IRB approval, participant recruitment, informed consent, data collection, analysis, interpretation and presentation.","","","","","","","","","",,,,,"",,,,"ResearchStudy.principalInvestigator",0,1,"","ele-1:All FHIR elements must have a @value or children {hasValue() or (children().count() > id.count())}
","StudyInvestigator","Principal Investigator","FiveWs.actor"
"ResearchStudy.site","ResearchStudy.site","","","",0,*,"","","Y","Reference {[]} {[CanonicalType[http://hl7.org/fhir/StructureDefinition/Location|4.0.1]]}
","Facility where study activities are conducted","A facility in which study activities are conducted.","","","","","","","","","",,,,,"",,,,"ResearchStudy.site",0,*,"","ele-1:All FHIR elements must have a @value or children {hasValue() or (children().count() > id.count())}
","PlannedStudySite; StudySite","Facility","FiveWs.where[x]"
"ResearchStudy.reasonStopped","ResearchStudy.reasonStopped","","","",0,1,"","","Y","CodeableConcept {[]} {[]}
","accrual-goal-met | closed-due-to-toxicity | closed-due-to-lack-of-study-progress | temporarily-closed-per-study-design","A description and/or code explaining the premature termination of the study.","","","","","","","","","",,"example","Codes for why the study ended prematurely.","http://hl7.org/fhir/ValueSet/research-study-reason-stopped|4.0.1","",,,,"ResearchStudy.reasonStopped",0,1,"","ele-1:All FHIR elements must have a @value or children {hasValue() or (children().count() > id.count())}
","StudyOverallStatus.studyStoppedReasonCode","Why Study Stopped","FiveWs.why[x]"
"ResearchStudy.note","ResearchStudy.note","","","",0,*,"","","","Annotation {[]} {[]}
","Comments made about the study","Comments made about the study by the performer, subject or other participants.","","","","","","","","","",,,,,"",,,,"ResearchStudy.note",0,*,"","ele-1:All FHIR elements must have a @value or children {hasValue() or (children().count() > id.count())}
","No BRIDG mapping",".inboundRelationship(typeCode=SUBJ].source[classCode=ANNGEN, moodCode=EVN].value[xsi:type=ST]"
"ResearchStudy.arm","ResearchStudy.arm","","","",0,*,"","","","BackboneElement {[]} {[]}
","Defined path through the study for a subject","Describes an expected sequence of events for one of the participants of a study.  E.g. Exposure to drug A, wash-out, exposure to drug B, wash-out, follow-up.","","","","","","","","","",,,,,"",,,,"ResearchStudy.arm",0,*,"","ele-1:All FHIR elements must have a @value or children {hasValue() or (children().count() > id.count())}
","Arm","Arms"
"ResearchStudy.arm.id","ResearchStudy.arm.id","","","",0,1,"","","","string {[]} {[]}
","Unique id for inter-element referencing","Unique id for the element within a resource (for internal references). This may be any string value that does not contain spaces.","","","","","","","","","",,,,,"",,,,"Element.id",0,1,"","","n/a"
"ResearchStudy.arm.extension","ResearchStudy.arm.extension","","","",0,*,"","","","Extension {[]} {[]}
","Extension","An Extension","","","","","","","","","",,,,,"","value:url}
","",,"open","Element.extension",0,*,"","ele-1:All FHIR elements must have a @value or children {hasValue() or (children().count() > id.count())}
ext-1:Must have either extensions or value[x], not both {extension.exists() != value.exists()}"
"ResearchStudy.arm.extension:linkId","ResearchStudy.arm.extension","linkId","","",0,1,"","","","Extension {[CanonicalType[http://hl7.org/fhir/5.0/StructureDefinition/extension-ResearchStudy.comparisonGroup.linkId|0.0.1-snapshot-3]]} {[]}
","Cross-version extension for ResearchStudy.comparisonGroup.linkId from R5 for use in FHIR R4","Allows the comparisonGroup for the study and the comparisonGroup for the subject to be linked easily.","Element `ResearchStudy.comparisonGroup.linkId` has a context of ResearchStudy.arm based on following the parent source element upwards and mapping to `ResearchStudy`.","","","","","","","","",,,,,"",,,,"Element.extension",0,*,"ele-1
","ele-1:All FHIR elements must have a @value or children {hasValue() or (children().count() > id.count())}
ext-1:Must have either extensions or value[x], not both {extension.exists() != value.exists()}"
"ResearchStudy.arm.modifierExtension","ResearchStudy.arm.modifierExtension","","extensions
user contentmodifiers","",0,*,"","Y","Y","Extension {[]} {[]}
","Extensions that cannot be ignored even if unrecognized","May be used to represent additional information that is not part of the basic definition of the element and that modifies the understanding of the element in which it is contained and/or the understanding of the containing element's descendants. Usually modifier elements provide negation or qualification. To make the use of extensions safe and manageable, there is a strict set of governance applied to the definition and use of extensions. Though any implementer can define an extension, there is a set of requirements that SHALL be met as part of the definition of the extension. Applications processing a resource are required to check for modifier extensions.

Modifier extensions SHALL NOT change the meaning of any elements on Resource or DomainResource (including cannot change the meaning of modifierExtension itself).","There can be no stigma associated with the use of extensions by any application, project, or standard - regardless of the institution or jurisdiction that uses or defines the extensions.  The use of extensions is what allows the FHIR specification to retain a core level of simplicity for everyone.","Modifier extensions allow for extensions that *cannot* be safely ignored to be clearly distinguished from the vast majority of extensions which can be safely ignored.  This promotes interoperability by eliminating the need for implementers to prohibit the presence of extensions. For further information, see the [definition of modifier extensions](http://hl7.org/fhir/R4/extensibility.html#modifierExtension).","","","","","","","",,,,,"",,,,"BackboneElement.modifierExtension",0,*,"","ele-1:All FHIR elements must have a @value or children {hasValue() or (children().count() > id.count())}
ext-1:Must have either extensions or value[x], not both {extension.exists() != value.exists()}","N/A"
"ResearchStudy.arm.name","ResearchStudy.arm.name","","","",1,1,"","","","string {[]} {[]}
","Label for study arm","Unique, human-readable label for this arm of the study.","","","","","","","","","",,,,,"",,,,"ResearchStudy.arm.name",1,1,"","ele-1:All FHIR elements must have a @value or children {hasValue() or (children().count() > id.count())}
","Arm.name","Arm Label"
"ResearchStudy.arm.type","ResearchStudy.arm.type","","","",0,1,"","","","CodeableConcept {[]} {[]}
","Categorization of study arm","Categorization of study arm, e.g. experimental, active comparator, placebo comparater.","","","","","","","","","",,,,,"",,,,"ResearchStudy.arm.type",0,1,"","ele-1:All FHIR elements must have a @value or children {hasValue() or (children().count() > id.count())}
","Arm.typeCode","Arm Type"
"ResearchStudy.arm.description","ResearchStudy.arm.description","","","",0,1,"","","","string {[]} {[]}
","Short explanation of study path","A succinct description of the path through the study that would be followed by a subject adhering to this arm.","","","","","","","","","",,,,,"",,,,"ResearchStudy.arm.description",0,1,"","ele-1:All FHIR elements must have a @value or children {hasValue() or (children().count() > id.count())}
","Arm.description","Arm Description"
"ResearchStudy.objective","ResearchStudy.objective","","","",0,*,"","","","BackboneElement {[]} {[]}
","A goal for the study","A goal that the study is aiming to achieve in terms of a scientific question to be answered by the analysis of data collected during the study.","","","","","","","","","",,,,,"",,,,"ResearchStudy.objective",0,*,"","ele-1:All FHIR elements must have a @value or children {hasValue() or (children().count() > id.count())}
","StudyObjective"
"ResearchStudy.objective.id","ResearchStudy.objective.id","","","",0,1,"","","","string {[]} {[]}
","Unique id for inter-element referencing","Unique id for the element within a resource (for internal references). This may be any string value that does not contain spaces.","","","","","","","","","",,,,,"",,,,"Element.id",0,1,"","","n/a"
"ResearchStudy.objective.extension","ResearchStudy.objective.extension","","","",0,*,"","","","Extension {[]} {[]}
","Extension","An Extension","","","","","","","","","",,,,,"","value:url}
","",,"open","Element.extension",0,*,"","ele-1:All FHIR elements must have a @value or children {hasValue() or (children().count() > id.count())}
ext-1:Must have either extensions or value[x], not both {extension.exists() != value.exists()}"
"ResearchStudy.objective.extension:description","ResearchStudy.objective.extension","description","","",0,1,"","","","Extension {[CanonicalType[http://hl7.org/fhir/5.0/StructureDefinition/extension-ResearchStudy.objective.description|0.0.1-snapshot-3]]} {[]}
","Cross-version extension for ResearchStudy.objective.description from R5 for use in FHIR R4","Free text description of the objective of the study.  This is what the study is trying to achieve rather than how it is going to achieve it (see ResearchStudy.description).","Element `ResearchStudy.objective.description` has a context of ResearchStudy.objective based on following the parent source element upwards and mapping to `ResearchStudy`.","","","","","","","","",,,,,"",,,,"Element.extension",0,*,"ele-1
","ele-1:All FHIR elements must have a @value or children {hasValue() or (children().count() > id.count())}
ext-1:Must have either extensions or value[x], not both {extension.exists() != value.exists()}"
"ResearchStudy.objective.modifierExtension","ResearchStudy.objective.modifierExtension","","extensions
user contentmodifiers","",0,*,"","Y","Y","Extension {[]} {[]}
","Extensions that cannot be ignored even if unrecognized","May be used to represent additional information that is not part of the basic definition of the element and that modifies the understanding of the element in which it is contained and/or the understanding of the containing element's descendants. Usually modifier elements provide negation or qualification. To make the use of extensions safe and manageable, there is a strict set of governance applied to the definition and use of extensions. Though any implementer can define an extension, there is a set of requirements that SHALL be met as part of the definition of the extension. Applications processing a resource are required to check for modifier extensions.

Modifier extensions SHALL NOT change the meaning of any elements on Resource or DomainResource (including cannot change the meaning of modifierExtension itself).","There can be no stigma associated with the use of extensions by any application, project, or standard - regardless of the institution or jurisdiction that uses or defines the extensions.  The use of extensions is what allows the FHIR specification to retain a core level of simplicity for everyone.","Modifier extensions allow for extensions that *cannot* be safely ignored to be clearly distinguished from the vast majority of extensions which can be safely ignored.  This promotes interoperability by eliminating the need for implementers to prohibit the presence of extensions. For further information, see the [definition of modifier extensions](http://hl7.org/fhir/R4/extensibility.html#modifierExtension).","","","","","","","",,,,,"",,,,"BackboneElement.modifierExtension",0,*,"","ele-1:All FHIR elements must have a @value or children {hasValue() or (children().count() > id.count())}
ext-1:Must have either extensions or value[x], not both {extension.exists() != value.exists()}","N/A"
"ResearchStudy.objective.name","ResearchStudy.objective.name","","","",0,1,"","","","string {[]} {[]}
","Label for the objective","Unique, human-readable label for this objective of the study.","","","","","","","","","",,,,,"",,,,"ResearchStudy.objective.name",0,1,"","ele-1:All FHIR elements must have a @value or children {hasValue() or (children().count() > id.count())}
","No BRIDG mapping (BRIDG has a description, but not a name)"
"ResearchStudy.objective.type","ResearchStudy.objective.type","","","",0,1,"","","","CodeableConcept {[]} {[]}
","primary | secondary | exploratory","The kind of study objective.","","","","","","","","","",,"preferred","Codes for the kind of study objective.","http://hl7.org/fhir/ValueSet/research-study-objective-type|4.0.1","",,,,"ResearchStudy.objective.type",0,1,"","ele-1:All FHIR elements must have a @value or children {hasValue() or (children().count() > id.count())}
","StudyObjective.typeCode"
