URL,Version,Status,OIDs,Name,Title,Description,Uses,Used,Sources
http://hl7.org/fhir/5.0/ValueSet/ValueSet-R5-FHIR-version-for-R4,0.0.1-snapshot-3,active,,ValueSetR5FHIRVersionForR4,Cross-version ValueSet R5.FHIRVersion for use in FHIR R4,"This cross-version ValueSet represents content from http://hl7.org/fhir/ValueSet/FHIR-version|5.0.0 for use in FHIR R4 that is appropriate for use but unavailable in `http://hl7.org/fhir/ValueSet/FHIR-version|4.0.1`.","StructureDefinition/ext-R5-ImplementationGuide.def.res.fhirVersion,StructureDefinition/ext-R5-StructureDefinition.fhirVersion,StructureDefinition/ext-R5-ImplementationGuide.fhirVersion,StructureDefinition/ext-R5-CapabilityStatement.fhirVersion","Internal"
http://hl7.org/fhir/5.0/ValueSet/ValueSet-R5-action-code-for-R4,0.0.1-snapshot-3,active,,ValueSetR5ActionCodeForR4,Cross-version ValueSet R5.ActionCode for use in FHIR R4,"This cross-version ValueSet represents content from `http://hl7.org/fhir/ValueSet/action-code|5.0.0` for use in FHIR R4.","StructureDefinition/ext-R5-RequestOrchestration.action,StructureDefinition/ext-R5-PlanDefinition.action","Internal"
http://hl7.org/fhir/5.0/ValueSet/ValueSet-R5-action-participant-type-for-R4,0.0.1-snapshot-3,active,,ValueSetR5ActionParticipantTypeForR4,Cross-version ValueSet R5.ActionParticipantType for use in FHIR R4,"This cross-version ValueSet represents content from http://hl7.org/fhir/ValueSet/action-participant-type|5.0.0 for use in FHIR R4 that is appropriate for use but unavailable in `http://hl7.org/fhir/ValueSet/action-participant-type|4.0.1`.","StructureDefinition/ext-R5-ActivityDefinition.par.type,StructureDefinition/ext-R5-RequestOrchestration.action,StructureDefinition/ext-R5-RequestOrchestration.act.participant,StructureDefinition/ext-R5-PlanDefinition.act.par.type,StructureDefinition/ext-R5-PlanDefinition.action,StructureDefinition/ext-R5-PlanDefinition.actor","Internal"
http://hl7.org/fhir/5.0/ValueSet/ValueSet-R5-action-reason-code-for-R4,0.0.1-snapshot-3,active,,ValueSetR5ActionReasonCodeForR4,Cross-version ValueSet R5.ActionReasonCode for use in FHIR R4,"This cross-version ValueSet represents content from `http://hl7.org/fhir/ValueSet/action-reason-code|5.0.0` for use in FHIR R4.","StructureDefinition/ext-R5-PlanDefinition.action","Internal"
http://hl7.org/fhir/5.0/ValueSet/ValueSet-R5-administrable-dose-form-for-R4,0.0.1-snapshot-3,active,,ValueSetR5AdministrableDoseFormForR4,Cross-version ValueSet R5.AdministrableDoseForm for use in FHIR R4,"This cross-version ValueSet represents content from `http://hl7.org/fhir/ValueSet/administrable-dose-form|5.0.0` for use in FHIR R4.","StructureDefinition/ext-R5-AdministrableProductDefinition","Internal"
http://hl7.org/fhir/5.0/ValueSet/ValueSet-R5-animal-tissue-type-for-R4,0.0.1-snapshot-3,active,,ValueSetR5AnimalTissueTypeForR4,Cross-version ValueSet R5.AnimalTissueType for use in FHIR R4,"This cross-version ValueSet represents content from `http://hl7.org/fhir/ValueSet/animal-tissue-type|5.0.0` for use in FHIR R4.","StructureDefinition/ext-R5-AdministrableProductDefinition","Internal"
http://hl7.org/fhir/5.0/ValueSet/ValueSet-R5-appointmentresponse-status-for-R4-participationstatus,0.0.1-snapshot-3,active,,ValueSetR5AppointmentresponseStatusForR4Participationstatus,Cross-version ValueSet R5.AppointmentResponseStatus for use in FHIR R4,"This cross-version ValueSet represents content from http://hl7.org/fhir/ValueSet/appointmentresponse-status|5.0.0 for use in FHIR R4 that is appropriate for use but unavailable in `http://hl7.org/fhir/ValueSet/participationstatus|4.0.1`.","StructureDefinition/ext-R5-AppointmentResponse.participantStatus","Internal"
http://hl7.org/fhir/5.0/ValueSet/ValueSet-R5-artifact-contribution-instance-type-for-R4,0.0.1-snapshot-3,active,,ValueSetR5ArtifactContributionInstanceTypeForR4,Cross-version ValueSet R5.ArtifactContributionInstanceType for use in FHIR R4,"This cross-version ValueSet represents content from `http://hl7.org/fhir/ValueSet/artifact-contribution-instance-type|5.0.0` for use in FHIR R4.","StructureDefinition/ext-R5-Citation","Internal"
http://hl7.org/fhir/5.0/ValueSet/ValueSet-R5-artifact-contribution-type-for-R4,0.0.1-snapshot-3,active,,ValueSetR5ArtifactContributionTypeForR4,Cross-version ValueSet R5.ArtifactContributionType for use in FHIR R4,"This cross-version ValueSet represents content from `http://hl7.org/fhir/ValueSet/artifact-contribution-type|5.0.0` for use in FHIR R4.","StructureDefinition/ext-R5-Citation","Internal"
http://hl7.org/fhir/5.0/ValueSet/ValueSet-R5-assert-operator-codes-for-R4,0.0.1-snapshot-3,active,,ValueSetR5AssertOperatorCodesForR4,Cross-version ValueSet R5.AssertionOperatorType for use in FHIR R4,"This cross-version ValueSet represents content from http://hl7.org/fhir/ValueSet/assert-operator-codes|5.0.0 for use in FHIR R4 that is appropriate for use but unavailable in `http://hl7.org/fhir/ValueSet/assert-operator-codes|4.0.1`.","StructureDefinition/ext-R5-TestScript.set.act.ass.operator,StructureDefinition/ext-R5-TestScript.set.act.assert","Internal"
http://hl7.org/fhir/5.0/ValueSet/ValueSet-R5-assert-response-code-types-for-R4,0.0.1-snapshot-3,active,,ValueSetR5AssertResponseCodeTypesForR4,Cross-version ValueSet R5.AssertionResponseTypes for use in FHIR R4,"This cross-version ValueSet represents content from http://hl7.org/fhir/ValueSet/assert-response-code-types|5.0.0 for use in FHIR R4 that is appropriate for use but unavailable in `http://hl7.org/fhir/ValueSet/assert-response-code-types|4.0.1`.","StructureDefinition/ext-R5-TestScript.set.act.ass.response,StructureDefinition/ext-R5-TestScript.set.act.assert","Internal"
http://hl7.org/fhir/5.0/ValueSet/ValueSet-R5-attribute-estimate-type-for-R4,0.0.1-snapshot-3,active,,ValueSetR5AttributeEstimateTypeForR4,Cross-version ValueSet R5.AttributeEstimateType for use in FHIR R4,"This cross-version ValueSet represents content from `http://hl7.org/fhir/ValueSet/attribute-estimate-type|5.0.0` for use in FHIR R4.",,"THO"
http://hl7.org/fhir/5.0/ValueSet/ValueSet-R5-bundle-type-for-R4,0.0.1-snapshot-3,active,,ValueSetR5BundleTypeForR4,Cross-version ValueSet R5.BundleType for use in FHIR R4,"This cross-version ValueSet represents content from http://hl7.org/fhir/ValueSet/bundle-type|5.0.0 for use in FHIR R4 that is appropriate for use but unavailable in `http://hl7.org/fhir/ValueSet/bundle-type|4.0.1`.","StructureDefinition/ext-R5-Bundle.type","Internal"
http://hl7.org/fhir/5.0/ValueSet/ValueSet-R5-care-plan-intent-for-R4,0.0.1-snapshot-3,active,,ValueSetR5CarePlanIntentForR4,Cross-version ValueSet R5.CarePlanIntent for use in FHIR R4,"This cross-version ValueSet represents content from http://hl7.org/fhir/ValueSet/care-plan-intent|5.0.0 for use in FHIR R4 that is appropriate for use but unavailable in `http://hl7.org/fhir/ValueSet/care-plan-intent|4.0.1`.","StructureDefinition/ext-R5-CarePlan.intent","Internal"
http://hl7.org/fhir/5.0/ValueSet/ValueSet-R5-certainty-rating-for-R4,0.0.1-snapshot-3,active,,ValueSetR5CertaintyRatingForR4,Cross-version ValueSet R5.EvidenceCertaintyRating for use in FHIR R4,"This cross-version ValueSet represents content from `http://hl7.org/fhir/ValueSet/certainty-rating|5.0.0` for use in FHIR R4.","StructureDefinition/ext-R5-Evidence.certainty","Internal"
http://hl7.org/fhir/5.0/ValueSet/ValueSet-R5-certainty-type-for-R4,0.0.1-snapshot-3,active,,ValueSetR5CertaintyTypeForR4,Cross-version ValueSet R5.EvidenceCertaintyType for use in FHIR R4,"This cross-version ValueSet represents content from `http://hl7.org/fhir/ValueSet/certainty-type|5.0.0` for use in FHIR R4.","StructureDefinition/ext-R5-Evidence.certainty","Internal"
http://hl7.org/fhir/5.0/ValueSet/ValueSet-R5-characteristic-combination-for-R4,0.0.1-snapshot-3,active,,ValueSetR5CharacteristicCombinationForR4,Cross-version ValueSet R5.CharacteristicCombination for use in FHIR R4,"This cross-version ValueSet represents content from `http://hl7.org/fhir/ValueSet/characteristic-combination|5.0.0` for use in FHIR R4.","StructureDefinition/ext-R5-EvidenceVariable.cha.dBC,StructureDefinition/ext-R5-EvidenceVariable.characteristic","Internal"
http://hl7.org/fhir/5.0/ValueSet/ValueSet-R5-characteristic-method-for-R4,0.0.1-snapshot-3,active,,ValueSetR5CharacteristicMethodForR4,Cross-version ValueSet R5.CharacteristicMethod for use in FHIR R4,"This cross-version ValueSet represents content from `http://terminology.hl7.org/ValueSet/characteristic-method|0.1.0` for use in FHIR R4.",,"THO"
http://hl7.org/fhir/5.0/ValueSet/ValueSet-R5-citation-artifact-classifier-for-R4,0.0.1-snapshot-3,active,,ValueSetR5CitationArtifactClassifierForR4,Cross-version ValueSet R5.CitationArtifactClassifier for use in FHIR R4,"This cross-version ValueSet represents content from `http://hl7.org/fhir/ValueSet/citation-artifact-classifier|5.0.0` for use in FHIR R4.","StructureDefinition/ext-R5-RelatedArtifact.classifier,StructureDefinition/ext-R5-Citation","Internal"
http://hl7.org/fhir/5.0/ValueSet/ValueSet-R5-citation-classification-type-for-R4,0.0.1-snapshot-3,active,,ValueSetR5CitationClassificationTypeForR4,Cross-version ValueSet R5.CitationClassificationType for use in FHIR R4,"This cross-version ValueSet represents content from `http://hl7.org/fhir/ValueSet/citation-classification-type|5.0.0` for use in FHIR R4.","StructureDefinition/ext-R5-Citation","Internal"
http://hl7.org/fhir/5.0/ValueSet/ValueSet-R5-citation-status-type-for-R4,0.0.1-snapshot-3,active,,ValueSetR5CitationStatusTypeForR4,Cross-version ValueSet R5.CitationStatusType for use in FHIR R4,"This cross-version ValueSet represents content from `http://hl7.org/fhir/ValueSet/citation-status-type|5.0.0` for use in FHIR R4.","StructureDefinition/ext-R5-Citation","Internal"
http://hl7.org/fhir/5.0/ValueSet/ValueSet-R5-citation-summary-style-for-R4,0.0.1-snapshot-3,active,,ValueSetR5CitationSummaryStyleForR4,Cross-version ValueSet R5.CitationSummaryStyle for use in FHIR R4,"This cross-version ValueSet represents content from `http://hl7.org/fhir/ValueSet/citation-summary-style|5.0.0` for use in FHIR R4.","StructureDefinition/ext-R5-Citation","Internal"
http://hl7.org/fhir/5.0/ValueSet/ValueSet-R5-cited-artifact-abstract-type-for-R4,0.0.1-snapshot-3,active,,ValueSetR5CitedArtifactAbstractTypeForR4,Cross-version ValueSet R5.CitedArtifactAbstractType for use in FHIR R4,"This cross-version ValueSet represents content from `http://hl7.org/fhir/ValueSet/cited-artifact-abstract-type|5.0.0` for use in FHIR R4.","StructureDefinition/ext-R5-Citation","Internal"
http://hl7.org/fhir/5.0/ValueSet/ValueSet-R5-cited-artifact-classification-type-for-R4,0.0.1-snapshot-3,active,,ValueSetR5CitedArtifactClassificationTypeForR4,Cross-version ValueSet R5.CitedArtifactClassificationType for use in FHIR R4,"This cross-version ValueSet represents content from `http://hl7.org/fhir/ValueSet/cited-artifact-classification-type|5.0.0` for use in FHIR R4.","StructureDefinition/ext-R5-Citation","Internal"
http://hl7.org/fhir/5.0/ValueSet/ValueSet-R5-cited-artifact-part-type-for-R4,0.0.1-snapshot-3,active,,ValueSetR5CitedArtifactPartTypeForR4,Cross-version ValueSet R5.CitedArtifactPartType for use in FHIR R4,"This cross-version ValueSet represents content from `http://hl7.org/fhir/ValueSet/cited-artifact-part-type|5.0.0` for use in FHIR R4.","StructureDefinition/ext-R5-Citation","Internal"
http://hl7.org/fhir/5.0/ValueSet/ValueSet-R5-cited-artifact-status-type-for-R4,0.0.1-snapshot-3,active,,ValueSetR5CitedArtifactStatusTypeForR4,Cross-version ValueSet R5.CitedArtifactStatusType for use in FHIR R4,"This cross-version ValueSet represents content from `http://hl7.org/fhir/ValueSet/cited-artifact-status-type|5.0.0` for use in FHIR R4.","StructureDefinition/ext-R5-Citation","Internal"
http://hl7.org/fhir/5.0/ValueSet/ValueSet-R5-cited-medium-for-R4,0.0.1-snapshot-3,active,,ValueSetR5CitedMediumForR4,Cross-version ValueSet R5.CitedMedium for use in FHIR R4,"This cross-version ValueSet represents content from `http://hl7.org/fhir/ValueSet/cited-medium|5.0.0` for use in FHIR R4.","StructureDefinition/ext-R5-Citation","Internal"
http://hl7.org/fhir/5.0/ValueSet/ValueSet-R5-clinical-use-definition-category-for-R4,0.0.1-snapshot-3,active,,ValueSetR5ClinicalUseDefinitionCategoryForR4,Cross-version ValueSet R5.ClinicalUseDefinitionCategory for use in FHIR R4,"This cross-version ValueSet represents content from `http://hl7.org/fhir/ValueSet/clinical-use-definition-category|5.0.0` for use in FHIR R4.","StructureDefinition/ext-R5-ClinicalUseDefinition","Internal"
http://hl7.org/fhir/5.0/ValueSet/ValueSet-R5-clinical-use-definition-type-for-R4,0.0.1-snapshot-3,active,,ValueSetR5ClinicalUseDefinitionTypeForR4,Cross-version ValueSet R5.ClinicalUseDefinitionType for use in FHIR R4,"This cross-version ValueSet represents content from `http://hl7.org/fhir/ValueSet/clinical-use-definition-type|5.0.0` for use in FHIR R4.","StructureDefinition/ext-R5-ClinicalUseDefinition","Internal"
http://hl7.org/fhir/5.0/ValueSet/ValueSet-R5-code-search-support-for-R4,0.0.1-snapshot-3,active,,ValueSetR5CodeSearchSupportForR4,Cross-version ValueSet R5.CodeSearchSupport for use in FHIR R4,"This cross-version ValueSet represents content from http://hl7.org/fhir/ValueSet/code-search-support|5.0.0 for use in FHIR R4 that is appropriate for use but unavailable in `http://hl7.org/fhir/ValueSet/code-search-support|4.0.1`.","StructureDefinition/ext-R5-TerminologyCapabilities.codeSearch","Internal"
http://hl7.org/fhir/5.0/ValueSet/ValueSet-R5-combined-dose-form-for-R4,0.0.1-snapshot-3,active,,ValueSetR5CombinedDoseFormForR4,Cross-version ValueSet R5.CombinedDoseForm for use in FHIR R4,"This cross-version ValueSet represents content from `http://hl7.org/fhir/ValueSet/combined-dose-form|5.0.0` for use in FHIR R4.",,"Internal"
http://hl7.org/fhir/5.0/ValueSet/ValueSet-R5-compartment-type-for-R4,0.0.1-snapshot-3,active,,ValueSetR5CompartmentTypeForR4,Cross-version ValueSet R5.CompartmentType for use in FHIR R4,"This cross-version ValueSet represents content from http://hl7.org/fhir/ValueSet/compartment-type|5.0.0 for use in FHIR R4 that is appropriate for use but unavailable in `http://hl7.org/fhir/ValueSet/compartment-type|4.0.1`.","StructureDefinition/ext-R5-CompartmentDefinition.code,StructureDefinition/ext-R5-GraphDefinition.lin.compartment","Internal"
http://hl7.org/fhir/5.0/ValueSet/ValueSet-R5-composition-status-for-R4,0.0.1-snapshot-3,active,,ValueSetR5CompositionStatusForR4,Cross-version ValueSet R5.CompositionStatus for use in FHIR R4,"This cross-version ValueSet represents content from http://hl7.org/fhir/ValueSet/composition-status|5.0.0 for use in FHIR R4 that is appropriate for use but unavailable in `http://hl7.org/fhir/ValueSet/composition-status|4.0.1`.","StructureDefinition/ext-R5-Composition.status,StructureDefinition/ext-R5-DocumentReference.docStatus","Internal"
http://hl7.org/fhir/5.0/ValueSet/ValueSet-R5-consent-state-codes-for-R4,0.0.1-snapshot-3,active,,ValueSetR5ConsentStateCodesForR4,Cross-version ValueSet R5.ConsentState for use in FHIR R4,"This cross-version ValueSet represents content from http://hl7.org/fhir/ValueSet/consent-state-codes|5.0.0 for use in FHIR R4 that is appropriate for use but unavailable in `http://hl7.org/fhir/ValueSet/consent-state-codes|4.0.1`.","StructureDefinition/ext-R5-Consent.status","Internal"
http://hl7.org/fhir/5.0/ValueSet/ValueSet-R5-contributor-role-for-R4,0.0.1-snapshot-3,active,,ValueSetR5ContributorRoleForR4,Cross-version ValueSet R5.ContributorRole for use in FHIR R4,"This cross-version ValueSet represents content from `http://hl7.org/fhir/ValueSet/contributor-role|5.0.0` for use in FHIR R4.","StructureDefinition/ext-R5-Citation","Internal"
http://hl7.org/fhir/5.0/ValueSet/ValueSet-R5-contributor-summary-source-for-R4,0.0.1-snapshot-3,active,,ValueSetR5ContributorSummarySourceForR4,Cross-version ValueSet R5.ContributorSummarySource for use in FHIR R4,"This cross-version ValueSet represents content from `http://hl7.org/fhir/ValueSet/contributor-summary-source|5.0.0` for use in FHIR R4.","StructureDefinition/ext-R5-Citation","Internal"
http://hl7.org/fhir/5.0/ValueSet/ValueSet-R5-contributor-summary-style-for-R4,0.0.1-snapshot-3,active,,ValueSetR5ContributorSummaryStyleForR4,Cross-version ValueSet R5.ContributorSummaryStyle for use in FHIR R4,"This cross-version ValueSet represents content from `http://hl7.org/fhir/ValueSet/contributor-summary-style|5.0.0` for use in FHIR R4.","StructureDefinition/ext-R5-Citation","Internal"
http://hl7.org/fhir/5.0/ValueSet/ValueSet-R5-contributor-summary-type-for-R4,0.0.1-snapshot-3,active,,ValueSetR5ContributorSummaryTypeForR4,Cross-version ValueSet R5.ContributorSummaryType for use in FHIR R4,"This cross-version ValueSet represents content from `http://hl7.org/fhir/ValueSet/contributor-summary-type|5.0.0` for use in FHIR R4.","StructureDefinition/ext-R5-Citation","Internal"
http://hl7.org/fhir/5.0/ValueSet/ValueSet-R5-data-types-for-R4,0.0.1-snapshot-3,active,,ValueSetR5DataTypesForR4,Cross-version ValueSet R5.FHIRTypes for use in FHIR R4,"This cross-version ValueSet represents content from http://hl7.org/fhir/ValueSet/data-types|5.0.0 for use in FHIR R4 that is appropriate for use but unavailable in `http://hl7.org/fhir/ValueSet/data-types|4.0.1`.",,"Internal"
http://hl7.org/fhir/5.0/ValueSet/ValueSet-R5-detectedissue-status-for-R4-observation-status,0.0.1-snapshot-3,active,,ValueSetR5DetectedissueStatusForR4ObservationStatus,Cross-version ValueSet R5.DetectedIssueStatus for use in FHIR R4,"This cross-version ValueSet represents content from http://hl7.org/fhir/ValueSet/detectedissue-status|5.0.0 for use in FHIR R4 that is appropriate for use but unavailable in `http://hl7.org/fhir/ValueSet/observation-status|4.0.1`.","StructureDefinition/ext-R5-DetectedIssue.status","Internal"
http://hl7.org/fhir/5.0/ValueSet/ValueSet-R5-deviceusage-status-for-R4-device-statement-status,0.0.1-snapshot-3,active,,ValueSetR5DeviceusageStatusForR4DeviceStatementStatus,Cross-version ValueSet R5.DeviceUsageStatus for use in FHIR R4,"This cross-version ValueSet represents content from http://hl7.org/fhir/ValueSet/deviceusage-status|5.0.0 for use in FHIR R4 that is appropriate for use but unavailable in `http://hl7.org/fhir/ValueSet/device-statement-status|4.0.1`.","StructureDefinition/ext-R5-DeviceUsage.status,StructureDefinition/ext-R5-DeviceUsage.usageStatus","Internal"
http://hl7.org/fhir/5.0/ValueSet/ValueSet-R5-directness-for-R4,0.0.1-snapshot-3,active,,ValueSetR5DirectnessForR4,Cross-version ValueSet R5.EvidenceDirectness for use in FHIR R4,"This cross-version ValueSet represents content from `http://terminology.hl7.org/ValueSet/directness|0.1.0` for use in FHIR R4.","StructureDefinition/ext-R5-Evidence.variableDefinition","THO"
http://hl7.org/fhir/5.0/ValueSet/ValueSet-R5-discriminator-type-for-R4,0.0.1-snapshot-3,active,,ValueSetR5DiscriminatorTypeForR4,Cross-version ValueSet R5.DiscriminatorType for use in FHIR R4,"This cross-version ValueSet represents content from http://hl7.org/fhir/ValueSet/discriminator-type|5.0.0 for use in FHIR R4 that is appropriate for use but unavailable in `http://hl7.org/fhir/ValueSet/discriminator-type|4.0.1`.","StructureDefinition/ext-R5-ElementDefinition.sli.dis.type","Internal"
http://hl7.org/fhir/5.0/ValueSet/ValueSet-R5-document-relationship-type-for-R4,0.0.1-snapshot-3,active,,ValueSetR5DocumentRelationshipTypeForR4,Cross-version ValueSet R5.DocumentRelationshipType for use in FHIR R4,"This cross-version ValueSet represents content from http://hl7.org/fhir/ValueSet/document-relationship-type|5.0.0 for use in FHIR R4 that is appropriate for use but unavailable in `http://hl7.org/fhir/ValueSet/document-relationship-type|4.0.1`.","StructureDefinition/ext-R5-DocumentReference.relatesTo","Internal"
http://hl7.org/fhir/5.0/ValueSet/ValueSet-R5-encounter-status-for-R4,0.0.1-snapshot-3,active,,ValueSetR5EncounterStatusForR4,Cross-version ValueSet R5.EncounterStatus for use in FHIR R4,"This cross-version ValueSet represents content from http://hl7.org/fhir/ValueSet/encounter-status|5.0.0 for use in FHIR R4 that is appropriate for use but unavailable in `http://hl7.org/fhir/ValueSet/encounter-status|4.0.1`.","StructureDefinition/ext-R5-EncounterHistory.status,StructureDefinition/ext-R5-Encounter.status","Internal"
http://hl7.org/fhir/5.0/ValueSet/ValueSet-R5-endpoint-payload-type-for-R4,0.0.1-snapshot-3,active,,ValueSetR5EndpointPayloadTypeForR4,Cross-version ValueSet R5.EndpointPayloadType for use in FHIR R4,"This cross-version ValueSet represents content from http://hl7.org/fhir/ValueSet/endpoint-payload-type|5.0.0 for use in FHIR R4 that is appropriate for use but unavailable in `http://hl7.org/fhir/ValueSet/endpoint-payload-type|4.0.1`.","StructureDefinition/ext-R5-Endpoint.pay.type","THO (V3),Other"
http://hl7.org/fhir/5.0/ValueSet/ValueSet-R5-event-timing-for-R4,0.0.1-snapshot-3,active,,ValueSetR5EventTimingForR4,Cross-version ValueSet R5.EventTiming for use in FHIR R4,"This cross-version ValueSet represents content from http://hl7.org/fhir/ValueSet/event-timing|5.0.0 for use in FHIR R4 that is appropriate for use but unavailable in `http://hl7.org/fhir/ValueSet/event-timing|4.0.1`.","StructureDefinition/ext-R5-Timing.rep.when","Internal"
http://hl7.org/fhir/5.0/ValueSet/ValueSet-R5-evidence-classifier-code-for-R4,0.0.1-snapshot-3,active,,ValueSetR5EvidenceClassifierCodeForR4,Cross-version ValueSet R5.EvidenceClassifier for use in FHIR R4,"This cross-version ValueSet represents content from `http://hl7.org/fhir/ValueSet/evidence-classifier-code|5.0.0` for use in FHIR R4.",,"Internal"
http://hl7.org/fhir/5.0/ValueSet/ValueSet-R5-evidence-report-section-for-R4,0.0.1-snapshot-3,active,,ValueSetR5EvidenceReportSectionForR4,Cross-version ValueSet R5.ReportSectionType for use in FHIR R4,"This cross-version ValueSet represents content from `http://hl7.org/fhir/ValueSet/evidence-report-section|5.0.0` for use in FHIR R4.",,"Internal"
http://hl7.org/fhir/5.0/ValueSet/ValueSet-R5-evidence-report-type-for-R4,0.0.1-snapshot-3,active,,ValueSetR5EvidenceReportTypeForR4,Cross-version ValueSet R5.EvidenceReportType for use in FHIR R4,"This cross-version ValueSet represents content from `http://hl7.org/fhir/ValueSet/evidence-report-type|5.0.0` for use in FHIR R4.","StructureDefinition/ext-R5-EvidenceReport","Internal"
http://hl7.org/fhir/5.0/ValueSet/ValueSet-R5-fhirpath-types-for-R4,0.0.1-snapshot-3,active,,ValueSetR5FhirpathTypesForR4,Cross-version ValueSet R5.FHIRPathTypes for use in FHIR R4,"This cross-version ValueSet represents content from `http://hl7.org/fhir/ValueSet/fhirpath-types|5.0.0` for use in FHIR R4.",,"Internal"
http://hl7.org/fhir/5.0/ValueSet/ValueSet-R5-filter-operator-for-R4,0.0.1-snapshot-3,active,,ValueSetR5FilterOperatorForR4,Cross-version ValueSet R5.FilterOperator for use in FHIR R4,"This cross-version ValueSet represents content from http://hl7.org/fhir/ValueSet/filter-operator|5.0.0 for use in FHIR R4 that is appropriate for use but unavailable in `http://hl7.org/fhir/ValueSet/filter-operator|4.0.1`.","StructureDefinition/ext-R5-ValueSet.com.inc.fil.op,StructureDefinition/ext-R5-ValueSet.com.include,StructureDefinition/ext-R5-CodeSystem.fil.operator","Internal"
http://hl7.org/fhir/5.0/ValueSet/ValueSet-R5-focus-characteristic-code-for-R4,0.0.1-snapshot-3,active,,ValueSetR5FocusCharacteristicCodeForR4,Cross-version ValueSet R5.FocusCharacteristicCode for use in FHIR R4,"This cross-version ValueSet represents content from `http://hl7.org/fhir/ValueSet/focus-characteristic-code|5.0.0` for use in FHIR R4.","StructureDefinition/ext-R5-EvidenceReport","Internal"
http://hl7.org/fhir/5.0/ValueSet/ValueSet-R5-group-type-for-R4,0.0.1-snapshot-3,active,,ValueSetR5GroupTypeForR4,Cross-version ValueSet R5.GroupType for use in FHIR R4,"This cross-version ValueSet represents content from http://hl7.org/fhir/ValueSet/group-type|5.0.0 for use in FHIR R4 that is appropriate for use but unavailable in `http://hl7.org/fhir/ValueSet/group-type|4.0.1`.","StructureDefinition/ext-R5-Group.type","Internal"
http://hl7.org/fhir/5.0/ValueSet/ValueSet-R5-ingredient-function-for-R4,0.0.1-snapshot-3,active,,ValueSetR5IngredientFunctionForR4,Cross-version ValueSet R5.IngredientFunction for use in FHIR R4,"This cross-version ValueSet represents content from `http://hl7.org/fhir/ValueSet/ingredient-function|5.0.0` for use in FHIR R4.","StructureDefinition/ext-R5-Ingredient","Internal"
http://hl7.org/fhir/5.0/ValueSet/ValueSet-R5-ingredient-manufacturer-role-for-R4,0.0.1-snapshot-3,active,,ValueSetR5IngredientManufacturerRoleForR4,Cross-version ValueSet R5.IngredientManufacturerRole for use in FHIR R4,"This cross-version ValueSet represents content from `http://hl7.org/fhir/ValueSet/ingredient-manufacturer-role|5.0.0` for use in FHIR R4.","StructureDefinition/ext-R5-Ingredient","Internal"
http://hl7.org/fhir/5.0/ValueSet/ValueSet-R5-ingredient-role-for-R4,0.0.1-snapshot-3,active,,ValueSetR5IngredientRoleForR4,Cross-version ValueSet R5.IngredientRole for use in FHIR R4,"This cross-version ValueSet represents content from `http://hl7.org/fhir/ValueSet/ingredient-role|5.0.0` for use in FHIR R4.","StructureDefinition/ext-R5-Ingredient","Internal"
http://hl7.org/fhir/5.0/ValueSet/ValueSet-R5-interaction-incidence-for-R4,0.0.1-snapshot-3,active,,ValueSetR5InteractionIncidenceForR4,Cross-version ValueSet R5.InteractionIncidence for use in FHIR R4,"This cross-version ValueSet represents content from `http://hl7.org/fhir/ValueSet/interaction-incidence|5.0.0` for use in FHIR R4.","StructureDefinition/ext-R5-ClinicalUseDefinition","Internal"
http://hl7.org/fhir/5.0/ValueSet/ValueSet-R5-interaction-trigger-for-R4,0.0.1-snapshot-3,active,,ValueSetR5InteractionTriggerForR4,Cross-version ValueSet R5.InteractionTrigger for use in FHIR R4,"This cross-version ValueSet represents content from `http://hl7.org/fhir/ValueSet/interaction-trigger|5.0.0` for use in FHIR R4.","StructureDefinition/ext-R5-SubscriptionTopic","Internal"
http://hl7.org/fhir/5.0/ValueSet/ValueSet-R5-interaction-type-for-R4,0.0.1-snapshot-3,active,,ValueSetR5InteractionTypeForR4,Cross-version ValueSet R5.InteractionType for use in FHIR R4,"This cross-version ValueSet represents content from `http://hl7.org/fhir/ValueSet/interaction-type|5.0.0` for use in FHIR R4.","StructureDefinition/ext-R5-ClinicalUseDefinition","Internal"
http://hl7.org/fhir/5.0/ValueSet/ValueSet-R5-issue-severity-for-R4,0.0.1-snapshot-3,active,,ValueSetR5IssueSeverityForR4,Cross-version ValueSet R5.IssueSeverity for use in FHIR R4,"This cross-version ValueSet represents content from http://hl7.org/fhir/ValueSet/issue-severity|5.0.0 for use in FHIR R4 that is appropriate for use but unavailable in `http://hl7.org/fhir/ValueSet/issue-severity|4.0.1`.","StructureDefinition/ext-R5-OperationOutcome.iss.severity","Internal"
http://hl7.org/fhir/5.0/ValueSet/ValueSet-R5-issue-type-for-R4,0.0.1-snapshot-3,active,,ValueSetR5IssueTypeForR4,Cross-version ValueSet R5.IssueType for use in FHIR R4,"This cross-version ValueSet represents content from http://hl7.org/fhir/ValueSet/issue-type|5.0.0 for use in FHIR R4 that is appropriate for use but unavailable in `http://hl7.org/fhir/ValueSet/issue-type|4.0.1`.","StructureDefinition/ext-R5-OperationOutcome.iss.code","Internal"
http://hl7.org/fhir/5.0/ValueSet/ValueSet-R5-item-type-for-R4,0.0.1-snapshot-3,active,,ValueSetR5ItemTypeForR4,Cross-version ValueSet R5.QuestionnaireItemType for use in FHIR R4,"This cross-version ValueSet represents content from http://hl7.org/fhir/ValueSet/item-type|5.0.0 for use in FHIR R4 that is appropriate for use but unavailable in `http://hl7.org/fhir/ValueSet/item-type|4.0.1`.","StructureDefinition/ext-R5-Questionnaire.ite.type,StructureDefinition/ext-R5-Questionnaire.item","Internal"
http://hl7.org/fhir/5.0/ValueSet/ValueSet-R5-languages-for-R4,0.0.1-snapshot-3,active,,ValueSetR5LanguagesForR4,Cross-version ValueSet R5.CommonLanguages for use in FHIR R4,"This cross-version ValueSet represents content from http://hl7.org/fhir/ValueSet/languages|5.0.0 for use in FHIR R4 that is appropriate for use but unavailable in `http://hl7.org/fhir/ValueSet/languages|4.0.1`.","StructureDefinition/ext-R5-InventoryItem,StructureDefinition/ext-R5-TC.cod.ver.language,StructureDefinition/ext-R5-Citation","Internal"
http://hl7.org/fhir/5.0/ValueSet/ValueSet-R5-legal-status-of-supply-for-R4,0.0.1-snapshot-3,active,,ValueSetR5LegalStatusOfSupplyForR4,Cross-version ValueSet R5.LegalStatusOfSupply for use in FHIR R4,"This cross-version ValueSet represents content from `http://hl7.org/fhir/ValueSet/legal-status-of-supply|5.0.0` for use in FHIR R4.","StructureDefinition/ext-R5-PackagedProductDefinition","Internal"
http://hl7.org/fhir/5.0/ValueSet/ValueSet-R5-measure-group-example-for-R4,0.0.1-snapshot-3,active,,ValueSetR5MeasureGroupExampleForR4,Cross-version ValueSet R5.MeasureGroupExample for use in FHIR R4,"This cross-version ValueSet represents content from `http://hl7.org/fhir/ValueSet/measure-group-example|5.0.0` for use in FHIR R4.",,"FHIR"
http://hl7.org/fhir/5.0/ValueSet/ValueSet-R5-measure-stratifier-example-for-R4,0.0.1-snapshot-3,active,,ValueSetR5MeasureStratifierExampleForR4,Cross-version ValueSet R5.MeasureStratifierExample for use in FHIR R4,"This cross-version ValueSet represents content from `http://hl7.org/fhir/ValueSet/measure-stratifier-example|5.0.0` for use in FHIR R4.",,"FHIR"
http://hl7.org/fhir/5.0/ValueSet/ValueSet-R5-measure-supplemental-data-example-for-R4,0.0.1-snapshot-3,active,,ValueSetR5MeasureSupplementalDataExampleForR4,Cross-version ValueSet R5.MeasureSupplementalDataExample for use in FHIR R4,"This cross-version ValueSet represents content from `http://hl7.org/fhir/ValueSet/measure-supplemental-data-example|5.0.0` for use in FHIR R4.",,"FHIR"
http://hl7.org/fhir/5.0/ValueSet/ValueSet-R5-measurereport-stratifier-value-example-for-R4,0.0.1-snapshot-3,active,,ValueSetR5MeasurereportStratifierValueExampleForR4,Cross-version ValueSet R5.MeasureReportStratifierValueExample for use in FHIR R4,"This cross-version ValueSet represents content from `http://hl7.org/fhir/ValueSet/measurereport-stratifier-value-example|5.0.0` for use in FHIR R4.","StructureDefinition/ext-R5-MeasureReport.gro.str.str.value,StructureDefinition/ext-R5-MeasureReport.gro.str.str.com.value","FHIR"
http://hl7.org/fhir/5.0/ValueSet/ValueSet-R5-medicinal-product-additional-monitoring-for-R4,0.0.1-snapshot-3,active,,ValueSetR5MedicinalProductAdditionalMonitoringForR4,Cross-version ValueSet R5.AdditionalMonitoring for use in FHIR R4,"This cross-version ValueSet represents content from `http://hl7.org/fhir/ValueSet/medicinal-product-additional-monitoring|5.0.0` for use in FHIR R4.",,"Internal"
http://hl7.org/fhir/5.0/ValueSet/ValueSet-R5-medicinal-product-confidentiality-for-R4,0.0.1-snapshot-3,active,,ValueSetR5MedicinalProductConfidentialityForR4,Cross-version ValueSet R5.ProductConfidentiality for use in FHIR R4,"This cross-version ValueSet represents content from `http://hl7.org/fhir/ValueSet/medicinal-product-confidentiality|5.0.0` for use in FHIR R4.","StructureDefinition/ext-R5-MedicinalProductDefinition.operation","Internal"
http://hl7.org/fhir/5.0/ValueSet/ValueSet-R5-medicinal-product-contact-type-for-R4,0.0.1-snapshot-3,active,,ValueSetR5MedicinalProductContactTypeForR4,Cross-version ValueSet R5.ProductContactType for use in FHIR R4,"This cross-version ValueSet represents content from `http://hl7.org/fhir/ValueSet/medicinal-product-contact-type|5.0.0` for use in FHIR R4.","StructureDefinition/ext-R5-MedicinalProductDefinition.contact","Internal"
http://hl7.org/fhir/5.0/ValueSet/ValueSet-R5-medicinal-product-cross-reference-type-for-R4,0.0.1-snapshot-3,active,,ValueSetR5MedicinalProductCrossReferenceTypeForR4,Cross-version ValueSet R5.ProductCrossReferenceType for use in FHIR R4,"This cross-version ValueSet represents content from `http://hl7.org/fhir/ValueSet/medicinal-product-cross-reference-type|5.0.0` for use in FHIR R4.","StructureDefinition/ext-R5-MedicinalProductDefinition.crossReference","Internal"
http://hl7.org/fhir/5.0/ValueSet/ValueSet-R5-medicinal-product-domain-for-R4,0.0.1-snapshot-3,active,,ValueSetR5MedicinalProductDomainForR4,Cross-version ValueSet R5.MedicinalProductDomain for use in FHIR R4,"This cross-version ValueSet represents content from `http://hl7.org/fhir/ValueSet/medicinal-product-domain|5.0.0` for use in FHIR R4.","StructureDefinition/ext-R5-MedicinalProductDefinition.domain","Internal"
http://hl7.org/fhir/5.0/ValueSet/ValueSet-R5-medicinal-product-name-part-type-for-R4,0.0.1-snapshot-3,active,,ValueSetR5MedicinalProductNamePartTypeForR4,Cross-version ValueSet R5.ProductNamePartType for use in FHIR R4,"This cross-version ValueSet represents content from `http://hl7.org/fhir/ValueSet/medicinal-product-name-part-type|5.0.0` for use in FHIR R4.","StructureDefinition/ext-R5-MPD.nam.par.type","Internal"
http://hl7.org/fhir/5.0/ValueSet/ValueSet-R5-medicinal-product-name-type-for-R4,0.0.1-snapshot-3,active,,ValueSetR5MedicinalProductNameTypeForR4,Cross-version ValueSet R5.ProductNameType for use in FHIR R4,"This cross-version ValueSet represents content from `http://hl7.org/fhir/ValueSet/medicinal-product-name-type|5.0.0` for use in FHIR R4.","StructureDefinition/ext-R5-MPD.nam.type","Internal"
http://hl7.org/fhir/5.0/ValueSet/ValueSet-R5-medicinal-product-package-type-for-R4,0.0.1-snapshot-3,active,,ValueSetR5MedicinalProductPackageTypeForR4,Cross-version ValueSet R5.MedicinalProductPackageType for use in FHIR R4,"This cross-version ValueSet represents content from `http://hl7.org/fhir/ValueSet/medicinal-product-package-type|5.0.0` for use in FHIR R4.","StructureDefinition/ext-R5-MPD.pMP","Internal"
http://hl7.org/fhir/5.0/ValueSet/ValueSet-R5-medicinal-product-pediatric-use-for-R4,0.0.1-snapshot-3,active,,ValueSetR5MedicinalProductPediatricUseForR4,Cross-version ValueSet R5.PediatricUse for use in FHIR R4,"This cross-version ValueSet represents content from `http://hl7.org/fhir/ValueSet/medicinal-product-pediatric-use|5.0.0` for use in FHIR R4.","StructureDefinition/ext-R5-MPD.pUI","Internal"
http://hl7.org/fhir/5.0/ValueSet/ValueSet-R5-medicinal-product-special-measures-for-R4,0.0.1-snapshot-3,active,,ValueSetR5MedicinalProductSpecialMeasuresForR4,Cross-version ValueSet R5.SpecialMeasures for use in FHIR R4,"This cross-version ValueSet represents content from `http://hl7.org/fhir/ValueSet/medicinal-product-special-measures|5.0.0` for use in FHIR R4.","StructureDefinition/ext-R5-MedicinalProductDefinition.specialMeasures","Internal"
http://hl7.org/fhir/5.0/ValueSet/ValueSet-R5-medicinal-product-type-for-R4,0.0.1-snapshot-3,active,,ValueSetR5MedicinalProductTypeForR4,Cross-version ValueSet R5.MedicinalProductType for use in FHIR R4,"This cross-version ValueSet represents content from `http://hl7.org/fhir/ValueSet/medicinal-product-type|5.0.0` for use in FHIR R4.",,"Internal"
http://hl7.org/fhir/5.0/ValueSet/ValueSet-R5-namingsystem-identifier-type-for-R4,0.0.1-snapshot-3,active,,ValueSetR5NamingsystemIdentifierTypeForR4,Cross-version ValueSet R5.NamingSystemIdentifierType for use in FHIR R4,"This cross-version ValueSet represents content from http://hl7.org/fhir/ValueSet/namingsystem-identifier-type|5.0.0 for use in FHIR R4 that is appropriate for use but unavailable in `http://hl7.org/fhir/ValueSet/namingsystem-identifier-type|4.0.1`.","StructureDefinition/ext-R5-NamingSystem.uni.type","Internal"
http://hl7.org/fhir/5.0/ValueSet/ValueSet-R5-nutritionproduct-status-for-R4,0.0.1-snapshot-3,active,,ValueSetR5NutritionproductStatusForR4,Cross-version ValueSet R5.NutritionProductStatus for use in FHIR R4,"This cross-version ValueSet represents content from `http://hl7.org/fhir/ValueSet/nutritionproduct-status|5.0.0` for use in FHIR R4.","StructureDefinition/ext-R5-NutritionProduct","Internal"
http://hl7.org/fhir/5.0/ValueSet/ValueSet-R5-observation-interpretation-for-R4,0.0.1-snapshot-3,active,,ValueSetR5ObservationInterpretationForR4,Cross-version ValueSet R5.ObservationInterpretationCodes for use in FHIR R4,"This cross-version ValueSet represents content from http://hl7.org/fhir/ValueSet/observation-interpretation|5.0.0 for use in FHIR R4 that is appropriate for use but unavailable in `http://hl7.org/fhir/ValueSet/observation-interpretation|4.0.1`.",,"THO (V3)"
http://hl7.org/fhir/5.0/ValueSet/ValueSet-R5-package-material-for-R4,0.0.1-snapshot-3,active,,ValueSetR5PackageMaterialForR4,Cross-version ValueSet R5.PackageMaterial for use in FHIR R4,"This cross-version ValueSet represents content from `http://hl7.org/fhir/ValueSet/package-material|5.0.0` for use in FHIR R4.",,"Internal"
http://hl7.org/fhir/5.0/ValueSet/ValueSet-R5-package-type-for-R4,0.0.1-snapshot-3,active,,ValueSetR5PackageTypeForR4,Cross-version ValueSet R5.PackageType for use in FHIR R4,"This cross-version ValueSet represents content from `http://hl7.org/fhir/ValueSet/package-type|5.0.0` for use in FHIR R4.","StructureDefinition/ext-R5-PackagedProductDefinition","Internal"
http://hl7.org/fhir/5.0/ValueSet/ValueSet-R5-packaging-type-for-R4,0.0.1-snapshot-3,active,,ValueSetR5PackagingTypeForR4,Cross-version ValueSet R5.PackagingType for use in FHIR R4,"This cross-version ValueSet represents content from `http://hl7.org/fhir/ValueSet/packaging-type|5.0.0` for use in FHIR R4.",,"Internal"
http://hl7.org/fhir/5.0/ValueSet/ValueSet-R5-product-intended-use-for-R4,0.0.1-snapshot-3,active,,ValueSetR5ProductIntendedUseForR4,Cross-version ValueSet R5.ProductIntendedUse for use in FHIR R4,"This cross-version ValueSet represents content from `http://hl7.org/fhir/ValueSet/product-intended-use|5.0.0` for use in FHIR R4.","StructureDefinition/ext-R5-ClinicalUseDefinition,StructureDefinition/ext-R5-RegulatedAuthorization","Internal"
http://hl7.org/fhir/5.0/ValueSet/ValueSet-R5-provenance-entity-role-for-R4,0.0.1-snapshot-3,active,,ValueSetR5ProvenanceEntityRoleForR4,Cross-version ValueSet R5.ProvenanceEntityRole for use in FHIR R4,"This cross-version ValueSet represents content from http://hl7.org/fhir/ValueSet/provenance-entity-role|5.0.0 for use in FHIR R4 that is appropriate for use but unavailable in `http://hl7.org/fhir/ValueSet/provenance-entity-role|4.0.1`.","StructureDefinition/ext-R5-Provenance.ent.role","Internal"
http://hl7.org/fhir/5.0/ValueSet/ValueSet-R5-published-in-type-for-R4,0.0.1-snapshot-3,active,,ValueSetR5PublishedInTypeForR4,Cross-version ValueSet R5.PublishedInType for use in FHIR R4,"This cross-version ValueSet represents content from `http://hl7.org/fhir/ValueSet/published-in-type|5.0.0` for use in FHIR R4.","StructureDefinition/ext-R5-Citation","Internal"
http://hl7.org/fhir/5.0/ValueSet/ValueSet-R5-quantity-comparator-for-R4,0.0.1-snapshot-3,active,,ValueSetR5QuantityComparatorForR4,Cross-version ValueSet R5.QuantityComparator for use in FHIR R4,"This cross-version ValueSet represents content from http://hl7.org/fhir/ValueSet/quantity-comparator|5.0.0 for use in FHIR R4 that is appropriate for use but unavailable in `http://hl7.org/fhir/ValueSet/quantity-comparator|4.0.1`.","StructureDefinition/ext-R5-Distance.comparator,StructureDefinition/ext-R5-Duration.comparator,StructureDefinition/ext-R5-Count.comparator,StructureDefinition/ext-R5-Age.comparator,StructureDefinition/ext-R5-Quantity.comparator","Internal"
http://hl7.org/fhir/5.0/ValueSet/ValueSet-R5-regulated-authorization-basis-for-R4,0.0.1-snapshot-3,active,,ValueSetR5RegulatedAuthorizationBasisForR4,Cross-version ValueSet R5.RegulatedAuthorizationBasis for use in FHIR R4,"This cross-version ValueSet represents content from `http://hl7.org/fhir/ValueSet/regulated-authorization-basis|5.0.0` for use in FHIR R4.","StructureDefinition/ext-R5-RegulatedAuthorization","Internal"
http://hl7.org/fhir/5.0/ValueSet/ValueSet-R5-regulated-authorization-case-type-for-R4,0.0.1-snapshot-3,active,,ValueSetR5RegulatedAuthorizationCaseTypeForR4,Cross-version ValueSet R5.RegulatedAuthorizationCaseType for use in FHIR R4,"This cross-version ValueSet represents content from `http://hl7.org/fhir/ValueSet/regulated-authorization-case-type|5.0.0` for use in FHIR R4.",,"Internal"
http://hl7.org/fhir/5.0/ValueSet/ValueSet-R5-regulated-authorization-type-for-R4,0.0.1-snapshot-3,active,,ValueSetR5RegulatedAuthorizationTypeForR4,Cross-version ValueSet R5.RegulatedAuthorizationType for use in FHIR R4,"This cross-version ValueSet represents content from `http://hl7.org/fhir/ValueSet/regulated-authorization-type|5.0.0` for use in FHIR R4.","StructureDefinition/ext-R5-RegulatedAuthorization","Internal"
http://hl7.org/fhir/5.0/ValueSet/ValueSet-R5-related-artifact-type-for-R4,0.0.1-snapshot-3,active,,ValueSetR5RelatedArtifactTypeForR4,Cross-version ValueSet R5.RelatedArtifactType for use in FHIR R4,"This cross-version ValueSet represents content from http://hl7.org/fhir/ValueSet/related-artifact-type|5.0.0 for use in FHIR R4 that is appropriate for use but unavailable in `http://hl7.org/fhir/ValueSet/related-artifact-type|4.0.1`.","StructureDefinition/ext-R5-RelatedArtifact.type","Internal"
http://hl7.org/fhir/5.0/ValueSet/ValueSet-R5-report-relation-type-for-R4,0.0.1-snapshot-3,active,,ValueSetR5ReportRelationTypeForR4,Cross-version ValueSet R5.ReportRelationshipType for use in FHIR R4,"This cross-version ValueSet represents content from `http://hl7.org/fhir/ValueSet/report-relation-type|5.0.0` for use in FHIR R4.","StructureDefinition/ext-R5-EvidenceReport","Internal"
http://hl7.org/fhir/5.0/ValueSet/ValueSet-R5-search-modifier-code-for-R4,0.0.1-snapshot-3,active,,ValueSetR5SearchModifierCodeForR4,Cross-version ValueSet R5.SearchModifierCode for use in FHIR R4,"This cross-version ValueSet represents content from http://hl7.org/fhir/ValueSet/search-modifier-code|5.0.0 for use in FHIR R4 that is appropriate for use but unavailable in `http://hl7.org/fhir/ValueSet/search-modifier-code|4.0.1`.","StructureDefinition/ext-R5-SearchParameter.modifier,StructureDefinition/ext-R5-SubscriptionTopic,StructureDefinition/ext-R5-Subscription.filterBy","Internal"
http://hl7.org/fhir/5.0/ValueSet/ValueSet-R5-statistic-model-code-for-R4,0.0.1-snapshot-3,active,,ValueSetR5StatisticModelCodeForR4,Cross-version ValueSet R5.StatisticModelCode for use in FHIR R4,"This cross-version ValueSet represents content from `http://hl7.org/fhir/ValueSet/statistic-model-code|5.0.0` for use in FHIR R4.","StructureDefinition/ext-R5-Evidence.statistic","Internal"
http://hl7.org/fhir/5.0/ValueSet/ValueSet-R5-statistic-type-for-R4,0.0.1-snapshot-3,active,,ValueSetR5StatisticTypeForR4,Cross-version ValueSet R5.StatisticType for use in FHIR R4,"This cross-version ValueSet represents content from `http://hl7.org/fhir/ValueSet/statistic-type|5.0.0` for use in FHIR R4.","StructureDefinition/ext-R5-Evidence.statistic","THO"
http://hl7.org/fhir/5.0/ValueSet/ValueSet-R5-study-type-for-R4,0.0.1-snapshot-3,active,,ValueSetR5StudyTypeForR4,Cross-version ValueSet R5.StatisticStudyType for use in FHIR R4,"This cross-version ValueSet represents content from http://terminology.hl7.org/ValueSet/study-type|0.1.0 for use in FHIR R4 that is appropriate for use but unavailable in `http://hl7.org/fhir/ValueSet/study-type|4.0.1`.",,"THO"
http://hl7.org/fhir/5.0/ValueSet/ValueSet-R5-subscription-error-for-R4,0.0.1-snapshot-3,active,,ValueSetR5SubscriptionErrorForR4,Cross-version ValueSet R5.SubscriptionErrorCodes for use in FHIR R4,"This cross-version ValueSet represents content from `http://hl7.org/fhir/ValueSet/subscription-error|5.0.0` for use in FHIR R4.","StructureDefinition/ext-R5-SubscriptionStatus","THO"
http://hl7.org/fhir/5.0/ValueSet/ValueSet-R5-subscription-notification-type-for-R4,0.0.1-snapshot-3,active,,ValueSetR5SubscriptionNotificationTypeForR4,Cross-version ValueSet R5.SubscriptionNotificationType for use in FHIR R4,"This cross-version ValueSet represents content from `http://hl7.org/fhir/ValueSet/subscription-notification-type|5.0.0` for use in FHIR R4.","StructureDefinition/ext-R5-SubscriptionStatus","Internal"
http://hl7.org/fhir/5.0/ValueSet/ValueSet-R5-subscription-status-for-R4,0.0.1-snapshot-3,active,,ValueSetR5SubscriptionStatusForR4,Cross-version ValueSet R5.SubscriptionStatusCodes for use in FHIR R4,"This cross-version ValueSet represents content from http://hl7.org/fhir/ValueSet/subscription-status|5.0.0 for use in FHIR R4 that is appropriate for use but unavailable in `http://hl7.org/fhir/ValueSet/subscription-status|4.0.1`.","StructureDefinition/ext-R5-SubscriptionStatus,StructureDefinition/ext-R5-Subscription.status","Internal"
http://hl7.org/fhir/5.0/ValueSet/ValueSet-R5-subscriptiontopic-cr-behavior-for-R4,0.0.1-snapshot-3,active,,ValueSetR5SubscriptiontopicCrBehaviorForR4,Cross-version ValueSet R5.CriteriaNotExistsBehavior for use in FHIR R4,"This cross-version ValueSet represents content from `http://hl7.org/fhir/ValueSet/subscriptiontopic-cr-behavior|5.0.0` for use in FHIR R4.","StructureDefinition/ext-R5-SubscriptionTopic","Internal"
http://hl7.org/fhir/5.0/ValueSet/ValueSet-R5-substance-amount-type-for-R4,0.0.1-snapshot-3,active,,ValueSetR5SubstanceAmountTypeForR4,Cross-version ValueSet R5.SubstanceAmountType for use in FHIR R4,"This cross-version ValueSet represents content from `http://hl7.org/fhir/ValueSet/substance-amount-type|5.0.0` for use in FHIR R4.","StructureDefinition/ext-R5-SubstanceDefinition.rel.comparator,StructureDefinition/ext-R5-SubstanceDefinition.moi.measurementType","Internal"
http://hl7.org/fhir/5.0/ValueSet/ValueSet-R5-substance-grade-for-R4,0.0.1-snapshot-3,active,,ValueSetR5SubstanceGradeForR4,Cross-version ValueSet R5.SubstanceGrade for use in FHIR R4,"This cross-version ValueSet represents content from `http://hl7.org/fhir/ValueSet/substance-grade|5.0.0` for use in FHIR R4.","StructureDefinition/ext-R5-SubstanceDefinition.grade","Internal"
http://hl7.org/fhir/5.0/ValueSet/ValueSet-R5-substance-name-authority-for-R4,0.0.1-snapshot-3,active,,ValueSetR5SubstanceNameAuthorityForR4,Cross-version ValueSet R5.SubstanceNameAuthority for use in FHIR R4,"This cross-version ValueSet represents content from `http://hl7.org/fhir/ValueSet/substance-name-authority|5.0.0` for use in FHIR R4.","StructureDefinition/ext-R5-SubstanceDefinition.name","Internal"
http://hl7.org/fhir/5.0/ValueSet/ValueSet-R5-substance-name-domain-for-R4,0.0.1-snapshot-3,active,,ValueSetR5SubstanceNameDomainForR4,Cross-version ValueSet R5.SubstanceNameDomain for use in FHIR R4,"This cross-version ValueSet represents content from `http://hl7.org/fhir/ValueSet/substance-name-domain|5.0.0` for use in FHIR R4.","StructureDefinition/ext-R5-SubstanceDefinition.name","Internal"
http://hl7.org/fhir/5.0/ValueSet/ValueSet-R5-substance-name-type-for-R4,0.0.1-snapshot-3,active,,ValueSetR5SubstanceNameTypeForR4,Cross-version ValueSet R5.SubstanceNameType for use in FHIR R4,"This cross-version ValueSet represents content from `http://hl7.org/fhir/ValueSet/substance-name-type|5.0.0` for use in FHIR R4.","StructureDefinition/ext-R5-SubstanceDefinition.name","Internal"
http://hl7.org/fhir/5.0/ValueSet/ValueSet-R5-substance-optical-activity-for-R4,0.0.1-snapshot-3,active,,ValueSetR5SubstanceOpticalActivityForR4,Cross-version ValueSet R5.OpticalActivity for use in FHIR R4,"This cross-version ValueSet represents content from `http://hl7.org/fhir/ValueSet/substance-optical-activity|5.0.0` for use in FHIR R4.",,"Internal"
http://hl7.org/fhir/5.0/ValueSet/ValueSet-R5-substance-relationship-type-for-R4,0.0.1-snapshot-3,active,,ValueSetR5SubstanceRelationshipTypeForR4,Cross-version ValueSet R5.SubstanceRelationshipType for use in FHIR R4,"This cross-version ValueSet represents content from `http://hl7.org/fhir/ValueSet/substance-relationship-type|5.0.0` for use in FHIR R4.","StructureDefinition/ext-R5-SubstanceDefinition.rel.type","Internal"
http://hl7.org/fhir/5.0/ValueSet/ValueSet-R5-substance-representation-format-for-R4,0.0.1-snapshot-3,active,,ValueSetR5SubstanceRepresentationFormatForR4,Cross-version ValueSet R5.SubstanceRepresentationFormat for use in FHIR R4,"This cross-version ValueSet represents content from `http://hl7.org/fhir/ValueSet/substance-representation-format|5.0.0` for use in FHIR R4.","StructureDefinition/ext-R5-SubstanceDefinition.str.rep.format","Internal"
http://hl7.org/fhir/5.0/ValueSet/ValueSet-R5-substance-representation-type-for-R4,0.0.1-snapshot-3,active,,ValueSetR5SubstanceRepresentationTypeForR4,Cross-version ValueSet R5.SubstanceRepresentationType for use in FHIR R4,"This cross-version ValueSet represents content from `http://hl7.org/fhir/ValueSet/substance-representation-type|5.0.0` for use in FHIR R4.",,"Internal"
http://hl7.org/fhir/5.0/ValueSet/ValueSet-R5-substance-source-material-genus-for-R4,0.0.1-snapshot-3,active,,ValueSetR5SubstanceSourceMaterialGenusForR4,Cross-version ValueSet R5.SourceMaterialGenus for use in FHIR R4,"This cross-version ValueSet represents content from `http://hl7.org/fhir/ValueSet/substance-source-material-genus|5.0.0` for use in FHIR R4.","StructureDefinition/ext-R5-SubstanceDefinition.sourceMaterial","Internal"
http://hl7.org/fhir/5.0/ValueSet/ValueSet-R5-substance-source-material-part-for-R4,0.0.1-snapshot-3,active,,ValueSetR5SubstanceSourceMaterialPartForR4,Cross-version ValueSet R5.SourceMaterialPart for use in FHIR R4,"This cross-version ValueSet represents content from `http://hl7.org/fhir/ValueSet/substance-source-material-part|5.0.0` for use in FHIR R4.","StructureDefinition/ext-R5-SubstanceDefinition.sourceMaterial","Internal"
http://hl7.org/fhir/5.0/ValueSet/ValueSet-R5-substance-source-material-species-for-R4,0.0.1-snapshot-3,active,,ValueSetR5SubstanceSourceMaterialSpeciesForR4,Cross-version ValueSet R5.SourceMaterialSpecies for use in FHIR R4,"This cross-version ValueSet represents content from `http://hl7.org/fhir/ValueSet/substance-source-material-species|5.0.0` for use in FHIR R4.","StructureDefinition/ext-R5-SubstanceDefinition.sourceMaterial","Internal"
http://hl7.org/fhir/5.0/ValueSet/ValueSet-R5-substance-source-material-type-for-R4,0.0.1-snapshot-3,active,,ValueSetR5SubstanceSourceMaterialTypeForR4,Cross-version ValueSet R5.SourceMaterialType for use in FHIR R4,"This cross-version ValueSet represents content from `http://hl7.org/fhir/ValueSet/substance-source-material-type|5.0.0` for use in FHIR R4.","StructureDefinition/ext-R5-SubstanceDefinition.sourceMaterial","Internal"
http://hl7.org/fhir/5.0/ValueSet/ValueSet-R5-substance-stereochemistry-for-R4,0.0.1-snapshot-3,active,,ValueSetR5SubstanceStereochemistryForR4,Cross-version ValueSet R5.Stereochemistry for use in FHIR R4,"This cross-version ValueSet represents content from `http://hl7.org/fhir/ValueSet/substance-stereochemistry|5.0.0` for use in FHIR R4.",,"Internal"
http://hl7.org/fhir/5.0/ValueSet/ValueSet-R5-substance-structure-technique-for-R4,0.0.1-snapshot-3,active,,ValueSetR5SubstanceStructureTechniqueForR4,Cross-version ValueSet R5.StructureTechnique for use in FHIR R4,"This cross-version ValueSet represents content from `http://hl7.org/fhir/ValueSet/substance-structure-technique|5.0.0` for use in FHIR R4.","StructureDefinition/ext-R5-SubstanceDefinition.str.technique,StructureDefinition/ext-R5-SubstanceDefinition.characterization","Internal"
http://hl7.org/fhir/5.0/ValueSet/ValueSet-R5-substance-weight-method-for-R4,0.0.1-snapshot-3,active,,ValueSetR5SubstanceWeightMethodForR4,Cross-version ValueSet R5.WeightMethod for use in FHIR R4,"This cross-version ValueSet represents content from `http://hl7.org/fhir/ValueSet/substance-weight-method|5.0.0` for use in FHIR R4.","StructureDefinition/ext-R5-SubstanceDefinition.molecularWeight","Internal"
http://hl7.org/fhir/5.0/ValueSet/ValueSet-R5-substance-weight-type-for-R4,0.0.1-snapshot-3,active,,ValueSetR5SubstanceWeightTypeForR4,Cross-version ValueSet R5.WeightType for use in FHIR R4,"This cross-version ValueSet represents content from `http://hl7.org/fhir/ValueSet/substance-weight-type|5.0.0` for use in FHIR R4.","StructureDefinition/ext-R5-SubstanceDefinition.molecularWeight","Internal"
http://hl7.org/fhir/5.0/ValueSet/ValueSet-R5-supplydelivery-supplyitemtype-for-R4-supplydelivery-type,0.0.1-snapshot-3,active,,ValueSetR5SupplydeliverySupplyitemtypeForR4SupplydeliveryType,Cross-version ValueSet R5.SupplyDeliverySupplyItemType for use in FHIR R4,"This cross-version ValueSet represents content from http://hl7.org/fhir/ValueSet/supplydelivery-supplyitemtype|5.0.0 for use in FHIR R4 that is appropriate for use but unavailable in `http://hl7.org/fhir/ValueSet/supplydelivery-type|4.0.1`.","StructureDefinition/ext-R5-SupplyDelivery.type,StructureDefinition/ext-R5-SupplyDelivery.sup.item","Internal"
http://hl7.org/fhir/5.0/ValueSet/ValueSet-R5-target-species-for-R4,0.0.1-snapshot-3,active,,ValueSetR5TargetSpeciesForR4,Cross-version ValueSet R5.TargetSpecies for use in FHIR R4,"This cross-version ValueSet represents content from `http://hl7.org/fhir/ValueSet/target-species|5.0.0` for use in FHIR R4.","StructureDefinition/ext-R5-AdministrableProductDefinition","Internal"
http://hl7.org/fhir/5.0/ValueSet/ValueSet-R5-testscript-operation-codes-for-R4,0.0.1-snapshot-3,active,,ValueSetR5TestscriptOperationCodesForR4,Cross-version ValueSet R5.TestScriptOperationCode for use in FHIR R4,"This cross-version ValueSet represents content from http://hl7.org/fhir/ValueSet/testscript-operation-codes|5.0.0 for use in FHIR R4 that is appropriate for use but unavailable in `http://hl7.org/fhir/ValueSet/testscript-operation-codes|4.0.1`.","StructureDefinition/ext-R5-ExampleScenario.pro.ste.ope.type,StructureDefinition/ext-R5-TestScript.set.act.operation","Internal"
http://hl7.org/fhir/5.0/ValueSet/ValueSet-R5-therapy-relationship-type-for-R4,0.0.1-snapshot-3,active,,ValueSetR5TherapyRelationshipTypeForR4,Cross-version ValueSet R5.TherapyRelationshipType for use in FHIR R4,"This cross-version ValueSet represents content from `http://hl7.org/fhir/ValueSet/therapy-relationship-type|5.0.0` for use in FHIR R4.",,"Internal"
http://hl7.org/fhir/5.0/ValueSet/ValueSet-R5-title-type-for-R4,0.0.1-snapshot-3,active,,ValueSetR5TitleTypeForR4,Cross-version ValueSet R5.TitleType for use in FHIR R4,"This cross-version ValueSet represents content from `http://hl7.org/fhir/ValueSet/title-type|5.0.0` for use in FHIR R4.","StructureDefinition/ext-R5-Citation,StructureDefinition/ext-R5-ResearchStudy.label","Internal"
http://hl7.org/fhir/5.0/ValueSet/ValueSet-R5-ucum-common-for-R4,0.0.1-snapshot-3,active,,ValueSetR5UcumCommonForR4,Cross-version ValueSet R5.CommonUCUMUnits for use in FHIR R4,"This cross-version ValueSet represents content from http://hl7.org/fhir/ValueSet/ucum-common|5.0.0 for use in FHIR R4 that is appropriate for use but unavailable in `http://hl7.org/fhir/ValueSet/ucum-common|4.0.1`.",,"Internal"
http://hl7.org/fhir/5.0/ValueSet/ValueSet-R5-udi-entry-type-for-R4,0.0.1-snapshot-3,active,,ValueSetR5UdiEntryTypeForR4,Cross-version ValueSet R5.UDIEntryType for use in FHIR R4,"This cross-version ValueSet represents content from http://hl7.org/fhir/ValueSet/udi-entry-type|5.0.0 for use in FHIR R4 that is appropriate for use but unavailable in `http://hl7.org/fhir/ValueSet/udi-entry-type|4.0.1`.","StructureDefinition/ext-R5-Device.udi.entryType","Internal"
http://hl7.org/fhir/5.0/ValueSet/ValueSet-R5-undesirable-effect-frequency-for-R4,0.0.1-snapshot-3,active,,ValueSetR5UndesirableEffectFrequencyForR4,Cross-version ValueSet R5.UndesirablEffectFrequency for use in FHIR R4,"This cross-version ValueSet represents content from `http://hl7.org/fhir/ValueSet/undesirable-effect-frequency|5.0.0` for use in FHIR R4.","StructureDefinition/ext-R5-ClinicalUseDefinition","Internal"
http://hl7.org/fhir/5.0/ValueSet/ValueSet-R5-unit-of-presentation-for-R4,0.0.1-snapshot-3,active,,ValueSetR5UnitOfPresentationForR4,Cross-version ValueSet R5.UnitOfPresentation for use in FHIR R4,"This cross-version ValueSet represents content from `http://hl7.org/fhir/ValueSet/unit-of-presentation|5.0.0` for use in FHIR R4.","StructureDefinition/ext-R5-AdministrableProductDefinition,StructureDefinition/ext-R5-ManufacturedItemDefinition","Internal"
http://hl7.org/fhir/5.0/ValueSet/ValueSet-R5-v3-EntityNamePartQualifier-for-R4-name-part-qualifier,0.0.1-snapshot-3,active,,ValueSetR5V3EntityNamePartQualifierForR4NamePartQualifier,Cross-version ValueSet R5.EntityNamePartQualifier for use in FHIR R4,"This cross-version ValueSet represents content from http://terminology.hl7.org/ValueSet/v3-EntityNamePartQualifier|2.0.0 for use in FHIR R4 that is appropriate for use but unavailable in `http://hl7.org/fhir/ValueSet/name-part-qualifier|4.0.1`.",,"THO (V3)"
http://hl7.org/fhir/5.0/ValueSet/ValueSet-R5-v3-LoincDocumentOntologyInternational-for-R4,0.0.1-snapshot-3,active,,ValueSetR5V3LoincDocumentOntologyInternationalForR4,Cross-version ValueSet R5.LoincDocumentOntologyInternational for use in FHIR R4,"This cross-version ValueSet represents content from `http://terminology.hl7.org/ValueSet/v3-LoincDocumentOntologyInternational|2.0.0` for use in FHIR R4.",,"LOINC"
http://hl7.org/fhir/5.0/ValueSet/ValueSet-R5-v3-MediaType-for-R4-media-type,0.0.1-snapshot-3,active,,ValueSetR5V3MediaTypeForR4MediaType,Cross-version ValueSet R5.MediaType for use in FHIR R4,"This cross-version ValueSet represents content from http://terminology.hl7.org/ValueSet/v3-MediaType|2.0.0 for use in FHIR R4 that is appropriate for use but unavailable in `http://hl7.org/fhir/ValueSet/media-type|4.0.1`.",,"THO (V3)"
http://hl7.org/fhir/5.0/ValueSet/ValueSet-R5-variable-handling-for-R4,0.0.1-snapshot-3,active,,ValueSetR5VariableHandlingForR4,Cross-version ValueSet R5.EvidenceVariableHandling for use in FHIR R4,"This cross-version ValueSet represents content from `http://hl7.org/fhir/ValueSet/variable-handling|5.0.0` for use in FHIR R4.","StructureDefinition/ext-R5-Evidence.statistic,StructureDefinition/ext-R5-EvidenceVariable.handling","Internal"
http://hl7.org/fhir/5.0/ValueSet/ValueSet-R5-variable-role-for-R4,0.0.1-snapshot-3,active,,ValueSetR5VariableRoleForR4,Cross-version ValueSet R5.EvidenceVariableRole for use in FHIR R4,"This cross-version ValueSet represents content from `http://hl7.org/fhir/ValueSet/variable-role|5.0.0` for use in FHIR R4.","StructureDefinition/ext-R5-Evidence.variableDefinition","THO"
http://hl7.org/fhir/5.0/ValueSet/ValueSet-R5-verificationresult-status-for-R4,0.0.1-snapshot-3,active,,ValueSetR5VerificationresultStatusForR4,Cross-version ValueSet R5.VerificationResultStatus for use in FHIR R4,"This cross-version ValueSet represents content from http://hl7.org/fhir/ValueSet/verificationresult-status|5.0.0 for use in FHIR R4 that is appropriate for use but unavailable in `http://hl7.org/fhir/ValueSet/verificationresult-status|4.0.1`.","StructureDefinition/ext-R5-VerificationResult.status","Internal"
http://hl7.org/fhir/5.0/ValueSet/ValueSet-R5-warning-type-for-R4,0.0.1-snapshot-3,active,,ValueSetR5WarningTypeForR4,Cross-version ValueSet R5.WarningType for use in FHIR R4,"This cross-version ValueSet represents content from `http://hl7.org/fhir/ValueSet/warning-type|5.0.0` for use in FHIR R4.","StructureDefinition/ext-R5-ClinicalUseDefinition","Internal"
http://terminology.hl7.org/ValueSet/designation-usage,4.1.0,draft,,DesignationUsage,Designation Usage,"Preferred value set for Condition Categories.",,"Internal"
